un_number,name_en,class_or_division,subsidiary_hazard,packing_group,special_provisions,limited_quantity,excepted_quantity,packing_instructions,special_packing_provisions,tank_bulk_instructions,tank_special_provisions,source_page
0004,10%†,1.1D,,,,0,E0,P112(a) P112(b) P112(c),PP26,,,203
0005,()†,1.1F,,,,0,E0,P130 LP101,,,,203
0006,()†,1.1E,,,,0,E0,P130 LP101,PP67 L1,,,203
0007,()†,1.2F,,,,0,E0,P130 LP101,,,,203
0009,†,1.2G,,,,0,E0,P130 LP101,PP67 L1,,,203
0010,†,1.3G,,,,0,E0,P130 LP101,PP67 L1,,,203
0012,() †,1.4S,,,364,5kg,E0,P130 LP101,,,,203
0014,() †,1.4S,,,364,5kg,E0,P130 LP101,,,,203
0015,†,1.2G,,,204,0,E0,P130 LP101,PP67 L1,,,203
0016,†,1.3G,,,204,0,E0,P130 LP101,PP67 L1,,,203
0018,†,1.2G,6.1 8,,,0,E0,P130 LP101,PP67 L1,,,203
0019,†,1.3G,6.1 8,,,0,E0,P130 LP101,PP67 L1,,,203
0020,†,1.2K,6.1,,274,0,E0,P101,,,,203
0021,†,1.3K,6.1,,274,0,E0,P101,,,,203
0027,() †,1.1D,,,,0,E0,P113,PP50,,,203
0028,() () †,1.1D,,,,0,E0,P113,PP51,,,203
0029,†,1.1B,,,,0,E0,P131,PP68,,,203
0030,†,1.1B,,,399,0,E0,P131,,,,203
0033,†,1.1F,,,,0,E0,P130 LP101,,,,203
0034,†,1.1D,,,,0,E0,P130 LP101,PP67 L1,,,203
0035,†,1.2D,,,,0,E0,P130 LP101,PP67 L1,,,203
0037,†,1.1F,,,,0,E0,P130 LP101,,,,203
0038,†,1.1D,,,,0,E0,P130 LP101,PP67 L1,,,203
0039,†,1.2G,,,,0,E0,P130 LP101,PP67 L1,,,203
0042,†,1.1D,,,,0,E0,P132(a) P132(b),,,,203
0043,†,1.1D,,,,0,E0,P133,PP69,,,203
0044,†,1.4S,,,,0,E0,P133,,,,204
0048,†,1.1D,,,,0,E0,P130 LP101,PP67 L1,,,204
0049,†,1.1G,,,,0,E0,P135,,,,204
0050,†,1.3G,,,,0,E0,P135,,,,204
0054,†,1.3G,,,,0,E0,P135,,,,204
0055,†,1.4S,,,364,5kg,E0,P136,,,,204
0056,†,1.1D,,,,0,E0,P130 LP101,PP67 L1,,,204
0059,†,1.1D,,,,0,E0,P137,PP70,,,204
0060,†,1.1D,,,,0,E0,P132(a) P132(b),,,,204
0065,†,1.1D,,,,0,E0,P139,PP71 PP72,,,204
0066,†,1.4G,,,,0,E0,P140,,,,204
0070,†,1.4S,,,,0,E0,P134 LP102,,,,204
0072,( RDX) 15%†,1.1D,,,266,0,E0,P112(a),PP45,,,204
0073,†,1.1B,,,,0,E0,P133,,,,204
0074,40%†,1.1A,,,266,0,E0,P110(a) P110(b),PP42,,,204
0075,25% †,1.1D,,,266,0,E0,P115,PP53 PP54 PP57 PP58,,,204
0076,15%†,1.1D,6.1,,,0,E0,P112(a) P112(b) P112(c),PP26,,,204
0077,15%†,1.3C,6.1,,,0,E0,P114(a) P114(b),PP26,,,204
0078,15%†,1.1D,,,,0,E0,P112(a) P112(b) P112(c),PP26,,,204
0079,( ) †,1.1D,,,,0,E0,P112(b) P112(c),,,,204
0081,A†,1.1D,,,,0,E0,P116,PP63 PP66,,,204
0082,B†,1.1D,,,,0,E0,P116 IBC100,PP61 PP62 B9,,,204
0083,C†,1.1D,,,267,0,E0,P116,,,,204
0084,D†,1.1D,,,,0,E0,P116,,,,204
0092,†,1.3G,,,,0,E0,P135,,,,204
0093,†,1.3G,,,,0,E0,P135,,,,204
0094,†,1.1G,,,,0,E0,P113,PP49,,,204
0099,,1.1D,,,,0,E0,P134 LP102,,,,205
0101,†,1.3G,,,,0,E0,P140,PP74 PP75,,,205
0102,()†,1.2D,,,,0,E0,P139,PP71,,,205
0103,†,1.4G,,,,0,E0,P140,,,,205
0104,() †,1.4D,,,,0,E0,P139,PP71,,,205
0105,†,1.4S,,,,0,E0,P140,PP73,,,205
0106,†,1.1B,,,,0,E0,P141,,,,205
0107,†,1.2B,,,,0,E0,P141,,,,205
0110,†,1.4S,,,,0,E0,P141,,,,205
0113,30%†,1.1A,,,266,0,E0,P110(a) P110(b),PP42,,,205
0114,( ) 30%†,1.1A,,,266,0,E0,P110(a) P110(b),PP42,,,205
0118,(HEXOTOL) 15%†,1.1D,,,,0,E0,P112(a) P112(b) P112(c),,,,205
0121,†,1.1G,,,,0,E0,P142,,,,205
0124,†,1.1D,,,,0,E0,P101,,,,205
0129,20%†,1.1A,,,266,0,E0,P110(a) P110(b),PP42,,,205
0130,( ) 20%†,1.1A,,,266,0,E0,P110(a) P110(b),PP42,,,205
0131,†,1.4S,,,,0,E0,P142,,,,205
0132,†,1.3C,,,,0,E0,P114(a) P114(b),PP26,,,205
0133,( ) 40%†,1.1D,,,266,0,E0,P112(a),,,,205
0135,20%†,1.1A,,,266,0,E0,P110(a) P110(b),PP42,,,205
0136,†,1.1F,,,,0,E0,P130 LP101,,,,205
0137,†,1.1D,,,,0,E0,P130 LP101,PP67 L1,,,205
0138,†,1.2D,,,,0,E0,P130 LP101,PP67 L1,,,205
0143,40% †,1.1D,6.1,,266 271,0,E0,P115,PP53 PP54 PP57 PP58,,,205
0144,1% - 10%†,1.1D,,,358,0,E0,P115,PP45 PP55 PP56 PP59 PP60,,,206
0146,20%†,1.1D,,,,0,E0,P112(a) P112(b) P112(c),,,,206
0147,†,1.1D,,,,0,E0,P112(b),,,,206
0150,( ) 25% () 15%†,1.1D,,,266,0,E0,P112(a) P112(b),,,,206
0151,15%†,1.1D,,,,0,E0,P112(a) P112(b) P112(c),,,,206
0153,() †,1.1D,,,,0,E0,P112(b) P112(c),,,,206
0154,() 30%†,1.1D,,,,0,E0,P112(a) P112(b) P112(c),PP26,,,206
0155,() †,1.1D,,,,0,E0,P112(b) P112(c),,,,206
0159,() 25%†,1.3C,,,266,0,E0,P111,PP43,,,206
0160,†,1.1C,,,,0,E0,P114(b),PP50 PP52,,,206
0161,†,1.3C,,,,0,E0,P114(b),PP50 PP52,,,206
0167,†,1.1F,,,,0,E0,P130 LP101,,,,206
0168,†,1.1D,,,,0,E0,P130 LP101,PP67 L1,,,206
0169,†,1.2D,,,,0,E0,P130 LP101,PP67 L1,,,206
0171,†,1.2G,,,,0,E0,P130 LP101,PP67 L1,,,206
0173,†,1.4S,,,,0,E0,P134 LP102,,,,206
0174,†,1.4S,,,,0,E0,P134 LP102,,,,206
0180,†,1.1F,,,,0,E0,P130 LP101,,,,206
0181,†,1.1E,,,,0,E0,P130 LP101,PP67 L1,,,206
0182,†,1.2E,,,,0,E0,P130 LP101,PP67 L1,,,206
0183,†,1.3C,,,,0,E0,P130 LP101,PP67 L1,,,206
0186,†,1.3C,,,,0,E0,P130 LP101,PP67 L1,,,207
0190,†,,,,16 274,,E0,P101,,,,207
0191,†,1.4G,,,,0,E0,P135,,,,207
0192,†,1.1G,,,,0,E0,P135,,,,207
0193,†,1.4S,,,,0,E0,P135,,,,207
0194,†,1.1G,,,,0,E0,P135,,,,207
0195,†,1.3G,,,,0,E0,P135,,,,207
0196,†,1.1G,,,,0,E0,P135,,,,207
0197,†,1.4G,,,,0,E0,P135,,,,207
0204,†,1.2F,,,,0,E0,P134 LP102,,,,207
0207,†,1.1D,,,,0,E0,P112(b) P112(c),,,,207
0208,( ) †,1.1D,,,,0,E0,P112(b) P112(c),,,,207
0209,() 30%†,1.1D,,,,0,E0,P112(b) P112(c),PP46,,,207
0212,†,1.3G,,,,0,E0,P133,PP69,,,207
0213,†,1.1D,,,,0,E0,P112(b) P112(c),,,,207
0214,30%†,1.1D,,,,0,E0,P112(a) P112(b) P112(c),,,,207
0215,30%†,1.1D,,,,0,E0,P112(a) P112(b) P112(c),,,,207
0216,†,1.1D,,,,0,E0,P112(b) P112(c),PP26,,,207
0217,†,1.1D,,,,0,E0,P112(b) P112(c),,,,207
0218,†,1.1D,,,,0,E0,P112(b) P112(c),,,,207
0219,() 20%†,1.1D,,,,0,E0,P112(a) P112(b) P112(c),PP26,,,207
0220,20%†,1.1D,,,,0,E0,P112(a) P112(b) P112(c),,,,207
0221,†,1.1D,,,,0,E0,P130 LP101,PP67 L1,,,207
0222,,1.1D,,,370,0,E0,P112(b) P112(c) IBC100,"PP47 B2, B3, B17",,,207
0224,50%†,1.1A,6.1,,,0,E0,P110(a) P110(b),PP42,,,207
0225,†,1.1B,,,,0,E0,P133,PP69,,,207
0226,(HMX ) 15%†,1.1D,,,266,0,E0,P112(a),PP45,,,208
0234,15%,1.3C,,,,0,E0,P114(a) P114(b),PP26,,,208
0235,20%†,1.3C,,,,0,E0,P114(a) P114(b),PP26,,,208
0236,20%†,1.3C,,,,0,E0,P114(a) P114(b),PP26,,,208
0237,†,1.4D,,,,0,E0,P138,,,,208
0238,†,1.2G,,,,0,E0,P130 LP101,,,,208
0240,†,1.3G,,,,0,E0,P130 LP101,,,,208
0241,E†,1.1D,,,,0,E0,P116 IBC100,PP61 PP62 B10,,,208
0242,†,1.3C,,,,0,E0,P130 LP101,,,,208
0243,†,1.2H,,,,0,E0,P130 LP101,PP67 L1,,,208
0244,†,1.3H,,,,0,E0,P130 LP101,PP67 L1,,,208
0245,†,1.2H,,,,0,E0,P130 LP101,PP67 L1,,,208
0246,†,1.3H,,,,0,E0,P130 LP101,PP67 L1,,,208
0247,†,1.3J,,,,0,E0,P101,,,,208
0248,†,1.2L,,,274,0,E0,P144,PP77,,,208
0249,†,1.3L,,,274,0,E0,P144,PP77,,,208
0250,†,1.3L,,,,0,E0,P101,,,,208
0254,†,1.3G,,,,0,E0,P130 LP101,PP67 L1,,,208
0255,†,1.4B,,,399,0,E0,P131,,,,208
0257,†,1.4B,,,,0,E0,P141,,,,208
0266,( ) 15%†,1.1D,,,,0,E0,P112(a) P112(b) P112(c),,,,208
0267,†,1.4B,,,,0,E0,P131,PP68,,,208
0268,†,1.2B,,,,0,E0,P133,PP69,,,208
0271,†,1.1C,,,,0,E0,P143,PP76,,,208
0272,†,1.3C,,,,0,E0,P143,PP76,,,208
0275,†,1.3C,,,,0,E0,P134 LP102,,,,208
0276,†,1.4C,,,,0,E0,P134 LP102,,,,208
0277,†,1.3C,,,,0,E0,P134 LP102,,,,209
0278,†,1.4C,,,,0,E0,P134 LP102,,,,209
0279,†,1.1C,,,,0,E0,P130 LP101,,,,209
0280,†,1.1C,,,,0,E0,P130 LP101,PP67 L1,,,209
0281,†,1.2C,,,,0,E0,P130 LP101,PP67 L1,,,209
0282,() 20%†,1.1D,,,,0,E0,P112(a) P112(b) P112(c),,,,209
0283,†,1.2D,,,,0,E0,P132(a) P132(b),,,,209
0284,†,1.1D,,,,0,E0,P141,,,,209
0285,†,1.2D,,,,0,E0,P141,,,,209
0286,†,1.1D,,,,0,E0,P130 LP101,PP67 L1,,,209
0287,†,1.2D,,,,0,E0,P130 LP101,PP67 L1,,,209
0288,†,1.1D,,,,0,E0,P138,,,,209
0289,†,1.4D,,,,0,E0,P139,PP71 PP72,,,209
0290,()†,1.1D,,,,0,E0,P139,PP71,,,209
0291,†,1.2F,,,,0,E0,P130 LP101,,,,209
0292,†,1.1F,,,,0,E0,P141,,,,209
0293,†,1.2F,,,,0,E0,P141,,,,209
0294,†,1.2F,,,,0,E0,P130 LP101,,,,209
0295,†,1.2F,,,,0,E0,P130 LP101,,,,209
0296,†,1.1F,,,,0,E0,P134 LP102,,,,209
0297,†,1.4G,,,,0,E0,P130 LP101,PP67 L1,,,209
0299,†,1.3G,,,,0,E0,P130 LP101,PP67 L1,,,209
0300,†,1.4G,,,,0,E0,P130 LP101,PP67 L1,,,209
0301,†,1.4G,6.1 8,,,0,E0,P130 LP101,PP67 L1,,,209
0303,†,1.4G,,,204,0,E0,P130 LP101,PP67 L1,,,209
0305,†,1.3G,,,,0,E0,P113,PP49,,,209
0306,†,1.4G,,,,0,E0,P133,PP69,,,210
0312,†,1.4G,,,,0,E0,P135,,,,210
0313,†,1.2G,,,,0,E0,P135,,,,210
0314,†,1.2G,,,,0,E0,P142,,,,210
0315,†,1.3G,,,,0,E0,P142,,,,210
0316,†,1.3G,,,,0,E0,P141,,,,210
0317,†,1.4G,,,,0,E0,P141,,,,210
0318,†,1.3G,,,,0,E0,P141,,,,210
0319,†,1.3G,,,,0,E0,P133,,,,210
0320,†,1.4G,,,,0,E0,P133,,,,210
0321,()†,1.2E,,,,0,E0,P130 LP101,PP67 L1,,,210
0322,†,1.2L,,,,0,E0,P101,,,,210
0323,()†,1.4S,,,347,0,E0,P134 LP102,,,,210
0324,†,1.2F,,,,0,E0,P130 LP101,,,,210
0325,†,1.4G,,,,0,E0,P142,,,,210
0326,()†,1.1C,,,,0,E0,P130 LP101,,,,210
0327,() ()†,1.3C,,,,0,E0,P130 LP101,,,,210
0328,()†,1.2C,,,,0,E0,P130 LP101,PP67 L1,,,210
0329,†,1.1E,,,,0,E0,P130 LP101,PP67 L1,,,210
0330,†,1.1F,,,,0,E0,P130 LP101,,,,210
0331,B† (B),1.5D,,,,0,E0,P116 IBC100,PP61 PP62 PP64,T1,TP17 TP32,210
0332,E† (E),1.5D,,,,0,E0,P116 IBC100,PP61 PP62,T1,TP1 TP17 TP32,210
0333,()†,1.1G,,,,0,E0,P135,,,,210
0334,()†,1.2G,,,,0,E0,P135,,,,210
0335,()†,1.3G,,,,0,E0,P135,,,,210
0336,()†,1.4G,,,,0,E0,P135,,,,210
0337,()†,1.4S,,,,0,E0,P135,,,,210
0338,() ()†,1.4C,,,,0,E0,P130 LP101,,,,210
0339,() †,1.4C,,,,0,E0,P130 LP101,,,,210
0340,()25%†,1.1D,,,393,0,E0,P112(a) P112(b),,,,210
0341,18%†,1.1D,,,393,0,E0,P112(b),,,,210
0342,25%†,1.3C,,,105 393,0,E0,P114(a),PP43,,,211
0343,18%†,1.3C,,,105,0,E0,P111,,,,211
0344,†,1.4D,,,,0,E0,P130 LP101,PP67 L1,,,211
0345,†,1.4S,,,,0,E0,P130 LP101,PP67 L1,,,211
0346,†,1.2D,,,,0,E0,P130 LP101,PP67 L1,,,211
0347,†,1.4D,,,,0,E0,P130 LP101,PP67 L1,,,211
0348,()†,1.4F,,,,0,E0,P130 LP101,,,,211
0349,,1.4S,,,178 274 347,0,E0,P101,,,,211
0350,,1.4B,,,178 274,0,E0,P101,,,,211
0351,,1.4C,,,178 274,0,E0,P101,,,,211
0352,,1.4D,,,178 274,0,E0,P101,,,,211
0353,,1.4G,,,178 274,0,E0,P101,,,,211
0354,,1.1L,,,178 274,0,E0,P101,,,,211
0355,,1.2L,,,178 274,0,E0,P101,,,,211
0356,,1.3L,,,178 274,0,E0,P101,,,,211
0357,,1.1L,,,178 274,0,E0,P101,,,,211
0358,,1.2L,,,178 274,0,E0,P101,,,,211
0359,,1.3L,,,178 274,0,E0,P101,,,,211
0360,†,1.1B,,,,0,E0,P131,,,,211
0361,†,1.4B,,,,0,E0,P131,,,,211
0362,†,1.4G,,,,0,E0,P130 LP101,PP67 L1,,,211
0363,†,1.4G,,,,0,E0,P130 LP101,PP67 L1,,,211
0364,†,1.2B,,,,0,E0,P133,,,,211
0365,†,1.4B,,,,0,E0,P133,,,,211
0366,†,1.4S,,,347,0,E0,P133,,,,211
0367,†,1.4S,,,347,0,E0,P141,,,,211
0368,†,1.4S,,,,0,E0,P141,,,,211
0369,†,1.1F,,,,0,E0,P130 LP101,,,,211
0370,†,1.4D,,,,0,E0,P130 LP101,PP67 L1,,,212
0371,†,1.4F,,,,0,E0,P130 LP101,,,,212
0372,†,1.2G,,,,0,E0,P141,,,,212
0373,†,1.4S,,,,0,E0,P135,,,,212
0374,†,1.1D,,,,0,E0,P134 LP102,,,,212
0375,†,1.2D,,,,0,E0,P134 LP102,,,,212
0376,†,1.4S,,,,0,E0,P133,,,,212
0377,†,1.1B,,,,0,E0,P133,,,,212
0378,†,1.4B,,,,0,E0,P133,,,,212
0379,†,1.4C,,,,0,E0,P136,,,,212
0380,†,1.2L,,,,0,E0,P101,,,,212
0381,()†,1.2C,,,,0,E0,P134 LP102,,,,212
0382,†,1.2B,,,178 274,0,E0,P101,,,,212
0383,†,1.4B,,,178 274,0,E0,P101,,,,212
0384,†,1.4S,,,178 274 347,0,E0,P101,,,,212
0385,5-†,1.1D,,,,0,E0,P112(b) P112(c),,,,212
0386,†,1.1D,,,,0,E0,P112(b) P112(c),PP26,,,212
0387,†,1.1D,,,,0,E0,P112(b) P112(c),,,,212
0388,() ( )†,1.1D,,,,0,E0,P112(b) P112(c),,,,212
0389,()†,1.1D,,,,0,E0,P112(b) P112(c),,,,212
0390,†,1.1D,,,,0,E0,P112(b) P112(c),,,,212
0391,( RDX) (HMX ) 15% ( RDX) (HMX ) 10%†,1.1D,,,266,0,E0,P112(a) P112(b),,,,212
0392,†,1.1D,,,,0,E0,P112(b) P112(c),,,,212
0393,†,1.1D,,,,0,E0,P112(b),,,,212
0394,() 20%†,1.1D,,,,0,E0,P112(a),PP26,,,213
0395,†,1.2J,,,,0,E0,P101,,,,213
0396,†,1.3J,,,,0,E0,P101,,,,213
0397,†,1.1J,,,,0,E0,P101,,,,213
0398,†,1.2J,,,,0,E0,P101,,,,213
0399,†,1.1J,,,,0,E0,P101,,,,213
0400,†,1.2J,,,,0,E0,P101,,,,213
0401,10%†,1.1D,,,,0,E0,P112(a) P112(b) P112(c),,,,213
0402,†,1.1D,,,152,0,E0,P112(b) P112(c),,,,213
0403,†,1.4G,,,,0,E0,P135,,,,213
0404,†,1.4S,,,,0,E0,P135,,,,213
0405,†,1.4S,,,,0,E0,P135,,,,213
0406,†,1.3C,,,,0,E0,P114(b),,,,213
0407,-1-†,1.4C,,,,0,E0,P114(b),,,,213
0408,†,1.1D,,,,0,E0,P141,,,,213
0409,†,1.2D,,,,0,E0,P141,,,,213
0410,†,1.4D,,,,0,E0,P141,,,,213
0411,( )7%†,1.1D,,,131,0,E0,P112(b) P112(c),,,,213
0412,()†,1.4E,,,,0,E0,P130 LP101,PP67 L1,,,213
0413,()†,1.2C,,,,0,E0,P130 LP101,,,,213
0414,†,1.2C,,,,0,E0,P130 LP101,,,,213
0415,†,1.2C,,,,0,E0,P143,PP76,,,213
0417,() †,1.3C,,,,0,E0,P130 LP101,,,,213
0418,†,1.1G,,,,0,E0,P135,,,,213
0419,†,1.2G,,,,0,E0,P135,,,,213
0420,†,1.1G,,,,0,E0,P135,,,,213
0421,†,1.2G,,,,0,E0,P135,,,,213
0424,†,1.3G,,,,0,E0,P130 LP101,PP67 L1,,,213
0425,†,1.4G,,,,0,E0,P130 LP101,PP67 L1,,,213
0426,†,1.2F,,,,0,E0,P130 LP101,,,,213
0427,†,1.4F,,,,0,E0,P130 LP101,,,,213
0428,†,1.1G,,,,0,E0,P135,,,,213
0429,†,1.2G,,,,0,E0,P135,,,,213
0430,†,1.3G,,,,0,E0,P135,,,,213
0431,†,1.4G,,,,0,E0,P135,,,,214
0432,†,1.4S,,,,0,E0,P135,,,,214
0433,() 17%†,1.1C,,,266,0,E0,P111,,,,214
0434,†,1.2G,,,,0,E0,P130 LP101,PP67 L1,,,214
0435,†,1.4G,,,,0,E0,P130 LP101,PP67 L1,,,214
0436,†,1.2C,,,,0,E0,P130 LP101,PP67 L1,,,214
0437,†,1.3C,,,,0,E0,P130 LP101,PP67 L1,,,214
0438,†,1.4C,,,,0,E0,P130 LP101,PP67 L1,,,214
0439,†,1.2D,,,,0,E0,P137,PP70,,,214
0440,†,1.4D,,,,0,E0,P137,PP70,,,214
0441,†,1.4S,,,347,0,E0,P137,PP70,,,214
0442,†,1.1D,,,,0,E0,P137,,,,214
0443,†,1.2D,,,,0,E0,P137,,,,214
0444,†,1.4D,,,,0,E0,P137,,,,214
0445,†,1.4S,,,347,0,E0,P137,,,,214
0446,†,1.4C,,,,0,E0,P136,,,,214
0447,†,1.3C,,,,0,E0,P136,,,,214
0448,5--1-†,1.4C,,,,0,E0,P114(b),,,,214
0449,†,1.1J,,,,0,E0,P101,,,,214
0450,†,1.3J,,,,0,E0,P101,,,,214
0451,†,1.1D,,,,0,E0,P130 LP101,PP67 L1,,,214
0452,†,1.4G,,,,0,E0,P141,,,,214
0453,†,1.4G,,,,0,E0,P130 LP101,,,,214
0454,†,1.4S,,,,0,E0,P142,,,,214
0455,†,1.4S,,,347,0,E0,P131,PP68,,,214
0456,†,1.4S,,,347 399,0,E0,P131,,,,214
0457,,1.1D,,,,0,E0,P130 LP101,,,,214
0458,,1.2D,,,,0,E0,P130 LP101,,,,214
0459,,1.4D,,,,0,E0,P130 LP101,,,,214
0460,,1.4S,,,347,0,E0,P130 LP101,,,,214
0461,†,1.1B,,,178 274,0,E0,P101,,,,214
0462,,1.1C,,,178 274,0,E0,P101,,,,214
0463,,1.1D,,,178 274,0,E0,P101,,,,215
0464,,1.1E,,,178 274,0,E0,P101,,,,215
0465,,1.1F,,,178 274,0,E0,P101,,,,215
0466,,1.2C,,,178 274,0,E0,P101,,,,215
0467,,1.2D,,,178 274,0,E0,P101,,,,215
0468,,1.2E,,,178 274,0,E0,P101,,,,215
0469,,1.2F,,,178 274,0,E0,P101,,,,215
0470,,1.3C,,,178 274,0,E0,P101,,,,215
0471,,1.4E,,,178 274,0,E0,P101,,,,215
0472,,1.4F,,,178 274,0,E0,P101,,,,215
0473,,1.1A,,,178 274,0,E0,P101,,,,215
0474,,1.1C,,,178 274,0,E0,P101,,,,215
0475,,1.1D,,,178 274,0,E0,P101,,,,215
0476,,1.1G,,,178 274,0,E0,P101,,,,215
0477,,1.3C,,,178 274,0,E0,P101,,,,215
0478,,1.3G,,,178 274,0,E0,P101,,,,215
0479,,1.4C,,,178 274,0,E0,P101,,,,215
0480,,1.4D,,,178 274,0,E0,P101,,,,215
0481,,1.4S,,,178 274 347,0,E0,P101,,,,215
0482,†,1.5D,,,178 274,0,E0,P101,,,,215
0483,( RDX),1.1D,,,,0,E0,P112(b) P112(c),,,,215
0484,( HMX),1.1D,,,,0,E0,P112(b) P112(c),,,,215
0485,,1.4G,,,178 274,0,E0,P101,,,,215
0486,†,1.6N,,,,0,E0,P101,,,,215
0487,†,1.3G,,,,0,E0,P135,,,,215
0488,†,1.3G,,,,0,E0,P130 LP101,PP67 L1,,,215
0489,(DINGU) †,1.1D,,,,0,E0,P112(b) P112(c),,,,216
0490,(NTO) †,1.1D,,,,0,E0,P112(b) P112(c),,,,216
0491,†,1.4C,,,,0,E0,P143,PP76,,,216
0492,†,1.3G,,,,0,E0,P135,,,,216
0493,†,1.4G,,,,0,E0,P135,,,,216
0494,†,1.4D,,,,0,E0,P101,,,,216
0495,†,1.3C,,,224,0,E0,P115,PP53 PP54 PP57 PP58,,,216
0496,†,1.1D,,,,0,E0,P112(b) P112(c),,,,216
0497,†,1.1C,,,224,0,E0,P115,PP53 PP54 PP57 PP58,,,216
0498,†,1.1C,,,,0,E0,P114(b),,,,216
0499,†,1.3C,,,,0,E0,P114(b),,,,216
0500,†,1.4S,,,347,0,E0,P131,,,,216
0501,†,1.4C,,,,0,E0,P114(b),,,,216
0502,†,1.2C,,,,0,E0,P130 LP101,PP67 L1,,,216
0503,†,1.4G,,,235 289,0,E0,P135,,,,216
0504,1H,1.1D,,,,0,E0,P112(c),PP48,,,216
0505,†,1.4G,,,,0,E0,P135,,,,216
0506,†,1.4S,,,,0,E0,P135,,,,216
0507,†,1.4S,,,,0,E0,P135,,,,216
0508,1- 20%,1.3C,,,,0,E0,P114(b),PP48 PP50,,,216
0509,†,1.4C,,,,0,E0,P114(b),PP48,,,216
0510,†,1.4C,,,,0,E0,P130 LP101,PP67 L1,,,216
0511,†,1.1B,,,399,0,E0,P131,,,,216
0512,,1.4B,,,399,0,E0,P131,,,,216
0513,,1.4S,,,347 399,0,E0,P131,,,,216
0514,,1.4S,,,407,0,E0,P135,,,,216
1001,,2.1,,,,0,E0,P200,,,,216
1002,,2.2,,,392 397,120 ml,E1,P200,,,,216
1003,,2.2,5.1,,,0,E0,P203,,T75,TP5 TP22,216
1005,,2.3,8,,23 379,0,E0,P200,,T50,,217
1006,,2.2,,,378 392 406,120 ml,E1,P200,,,,217
1008,,2.3,8,,373,0,E0,P200,,,,217
1009,(R 13B1),2.2,,,,120 ml,E1,P200,,T50,,217
1010,20%,2.1,,,386 402,0,E0,P200,,T50,,217
1011,,2.1,,,392,0,E0,P200,,T50,,217
1012,,2.1,,,398,0,E0,P200,,T50,,217
1013,,2.2,,,378 392 406,120 ml,E1,P200,,,,217
1016,,2.3,2.1,,,0,E0,P200,,,,217
1017,,2.3,5.1 8,,,0,E0,P200,,T50,TP19,217
1018,(R 22),2.2,,,,120 ml,E1,P200,,T50,,217
1020,(R 115),2.2,,,,120 ml,E1,P200,,T50,,217
1021,"1--1,2,2,2- (R 124)",2.2,,,,120 ml,E1,P200,,T50,,217
1022,(R 13),2.2,,,,120 ml,E1,P200,,,,217
1023,,2.3,2.1,,,0,E0,P200,,,,217
1026,,2.3,2.1,,,0,E0,P200,,,,217
1027,,2.1,,,,0,E0,P200,,T50,,217
1028,(R 12),2.2,,,,120 ml,E1,P200,,T50,,217
1029,(R 21),2.2,,,,120 ml,E1,P200,,T50,,217
1030,"1,1-(R 152a)",2.1,,,,0,E0,P200,,T50,,217
1032,,2.1,,,,0,E0,P200,,T50,,217
1033,,2.1,,,,0,E0,P200,,T50,,217
1035,,2.1,,,,0,E0,P200,,,,217
1036,,2.1,,,,0,E0,P200,,T50,,217
1037,,2.1,,,,0,E0,P200,,T50,,217
1038,,2.1,,,,0,E0,P203,,T75,TP5,217
1039,,2.1,,,,0,E0,P200,,,,217
1040,50 1 (10),2.3,2.1,,342,0,E0,P200,,T50,TP20,217
1041,9% - 87%,2.1,,,,0,E0,P200,,T50,,217
1043,,2.2,,,,120 ml,E0,P200,,,,217
1044,,2.2,,,225,120 ml,E0,P003,PP91,,,218
1045,,2.3,5.1 8,,,0,E0,P200,,,,218
1046,,2.2,,,378 392 406,120 ml,E1,P200,,,,218
1048,,2.3,8,,,0,E0,P200,,,,218
1049,,2.1,,,392,0,E0,P200,,,,218
1050,,2.3,8,,,0,E0,P200,,,,218
1051,3%,6.1,3,I,386,0,E0,P200,,,,218
1052,,8,6.1,I,,0,E0,P200,,T10,TP2,218
1053,,2.3,2.1,,,0,E0,P200,,,,218
1055,,2.1,,,,0,E0,P200,,T50,,218
1056,,2.2,,,378 392,120 ml,E1,P200,,,,218
1057,,2.1,,,201,0,E0,P002,PP84,,,218
1058,,2.2,,,392,120 ml,E1,P200,,,,218
1060,,2.1,,,386,0,E0,P200,,T50,,218
1061,,2.1,,,,0,E0,P200,,T50,,218
1062,2%,2.3,,,23,0,E0,P200,,T50,,218
1063,(R 40),2.1,,,,0,E0,P200,,T50,,218
1064,,2.3,2.1,,,0,E0,P200,,T50,,218
1065,,2.2,,,378 392,120 ml,E1,P200,,,,218
1066,,2.2,,,378 392 406,120 ml,E1,P200,,,,218
1067,(),2.3,5.1 8,,,0,E0,P200,,T50,TP21,218
1069,,2.3,8,,,0,E0,P200,,,,218
1070,,2.2,5.1,,,0,E0,P200,,,,218
1071,,2.3,2.1,,,0,E0,P200,,,,218
1072,,2.2,5.1,,355,0,E0,P200,,,,218
1073,,2.2,5.1,,,0,E0,P203,,T75,TP5 TP22,218
1075,,2.1,,,392,0,E0,P200,,T50,,218
1076,,2.3,8,,,0,E0,P200,,,,218
1077,,2.1,,,,0,E0,P200,,T50,,218
1078,,2.2,,,274,120 ml,E1,P200,,T50,,218
1079,,2.3,8,,,0,E0,P200,,T50,TP19,218
1080,,2.2,,,392,120 ml,E1,P200,,,,218
1081,,2.1,,,386,0,E0,P200,,,,218
1082,( R 1113),2.3,2.1,,386,0,E0,P200,,T50,,219
1083,,2.1,,,,0,E0,P200,,T50,,219
1085,,2.1,,,386,0,E0,P200,,T50,,219
1086,,2.1,,,386,0,E0,P200,,T50,,219
1087,,2.1,,,386,0,E0,P200,,T50,,219
1088,,3,,II,,1 L,E2,P001 IBC02,,T4,TP1,219
1089,,3,,I,,0,E0,P001,,T11,TP2 TP7,219
1090,,3,,II,,1 L,E2,P001 IBC02,,T4,TP1,219
1091,,3,,II,,1 L,E2,P001 IBC02,,T4,TP1 TP8,219
1092,,6.1,3,I,354 386,0,E0,P601,,T22,TP2 TP7 TP13,219
1093,,3,6.1,I,386,0,E0,P001,,T14,TP2 TP13,219
1098,,6.1,3,I,354,0,E0,P602,,T20,TP2 TP13,219
1099,,3,6.1,I,,0,E0,P001,,T14,TP2 TP13,219
1100,,3,6.1,I,,0,E0,P001,,T14,TP2 TP13,219
1104,,3,,III,,5 L,E1,P001 IBC03 LP01,,T2,TP1,219
1105,,3,,II,,1 L,E2,P001 IBC02,,T4,TP1 TP29,219
1105,,3,,III,223,5 L,E1,P001 IBC03 LP01,,T2,TP1,219
1106,,3,8,II,,1 L,E2,P001 IBC02,,T7,TP1,219
1106,,3,8,III,223,5 L,E1,P001 IBC03,,T4,TP1,219
1107,,3,,II,,1 L,E2,P001 IBC02,,T4,TP1,219
1108,1-(),3,,I,,0,E3,P001,,T11,TP2,219
1109,,3,,III,,5 L,E1,P001 IBC03 LP01,,T2,TP1,219
1110,,3,,III,,5 L,E1,P001 IBC03 LP01,,T2,TP1,219
1111,,3,,II,,1 L,E2,P001 IBC02,,T4,TP1,219
1112,,3,,III,,5 L,E1,P001 IBC03 LP01,,T2,TP1,219
1113,,3,,II,,1 L,E2,P001 IBC02,,T4,TP1,220
1114,,3,,II,,1 L,E2,P001 IBC02,,T4,TP1,220
1120,,3,,II,,1 L,E2,P001 IBC02,,T4,TP1 TP29,220
1120,,3,,III,223,5 L,E1,P001 IBC03 LP01,,T2,TP1,220
1123,,3,,II,,1 L,E2,P001 IBC02,,T4,TP1,220
1123,,3,,III,223,5 L,E1,P001 IBC03 LP01,,T2,TP1,220
1125,,3,8,II,,1 L,E2,P001 IBC02,,T7,TP1,220
1126,1-,3,,II,,1 L,E2,P001 IBC02,,T4,TP1,220
1127,,3,,II,,1 L,E2,P001 IBC02,,T4,TP1,220
1128,,3,,II,,1 L,E2,P001 IBC02,,T4,TP1,220
1129,,3,,II,,1 L,E2,P001 IBC02,,T4,TP1,220
1130,,3,,III,,5 L,E1,P001 IBC03 LP01,,T2,TP1,220
1131,,3,6.1,I,,0,E0,P001,PP31,T14,TP2 TP7 TP13,220
1133,,3,,I,,500 ml,E3,P001,,T11,TP1 TP8 TP27,220
1133,,3,,II,,5 L,E2,P001 IBC02,PP1,T4,TP1 TP8,220
1133,,3,,III,223,5 L,E1,P001 IBC03 LP01,PP1,T2,TP1,220
1134,,3,,III,,5 L,E1,P001 IBC03 LP01,,T2,TP1,220
1135,2-,6.1,3,I,354,0,E0,P602,,T20,TP2 TP13,220
1136,,3,,II,,1 L,E2,P001 IBC02,,T4,TP1,220
1136,,3,,III,223,5 L,E1,P001 IBC03 LP01,,T4,TP1 TP29,220
1139,(,3,,I,,500 ml,E3,P001,,T11,TP1 TP8 TP27,220
1139,( ),3,,II,,5 L,E2,P001 IBC02,,T4,TP1 TP8,221
1139,( ),3,,III,223,5 L,E1,P001 IBC03 LP01,,T2,TP1,221
1143,,6.1,3,I,324 354 386,0,E0,P602,,T20,TP2 TP13,221
1144,,3,,I,,0,E3,P001,,T11,TP2,221
1145,,3,,II,,1 L,E2,P001 IBC02,,T4,TP1,221
1146,,3,,II,,1 L,E2,P001 IBC02,,T7,TP1,221
1147,,3,,III,,5 L,E1,P001 IBC03 LP01,,T2,TP1,221
1148,,3,,II,,1 L,E2,P001 IBC02,,T4,TP1,221
1148,,3,,III,223,5 L,E1,P001 IBC03 LP01,,T2,TP1,221
1149,,3,,III,,5 L,E1,P001 IBC03 LP01,,T2,TP1,221
1150,"1,2-",3,,II,,1 L,E2,P001 IBC02,,T7,TP2,221
1152,,3,,III,,5 L,E1,P001 IBC03 LP01,,T2,TP1,221
1153,,3,,II,,1 L,E2,P001 IBC02,,T4,TP1,221
1153,,3,,III,,5 L,E1,P001 IBC03 LP01,,T2,TP1,221
1154,,3,8,II,,1 L,E2,P001 IBC02,,T7,TP1,221
1155,(),3,,I,,0,E3,P001,,T11,TP2,221
1156,,3,,II,,1 L,E2,P001 IBC02,,T4,TP1,221
1157,,3,,III,,5 L,E1,P001 IBC03 LP01,,T2,TP1,221
1158,,3,8,II,,1 L,E2,P001 IBC02,,T7,TP1,221
1159,,3,,II,,1 L,E2,P001 IBC02,,T4,TP1,221
1160,,3,8,II,,1 L,E2,P001 IBC02,,T7,TP1,222
1161,,3,,II,,1 L,E2,P001 IBC02,,T4,TP1,222
1162,,3,8,II,,0,E0,P010,,T10,TP2 TP7 TP13,222
1163,,6.1,3 8,I,354,0,E0,P602,,T20,TP2 TP13,222
1164,,3,,II,,1 L,E2,P001 IBC02,B8,T7,TP2,222
1165,,3,,II,,1 L,E2,P001 IBC02,,T4,TP1,222
1166,,3,,II,,1 L,E2,P001 IBC02,,T4,TP1,222
1167,,3,,I,386,0,E3,P001,,T11,TP2,222
1170,() (),3,,II,144,1 L,E2,P001 IBC02,,T4,TP1,222
1170,,3,,III,144 223,5 L,E1,P001 IBC03 LP01,,T2,TP1,222
1171,,3,,III,,5 L,E1,P001 IBC03 LP01,,T2,TP1,222
1172,,3,,III,,5 L,E1,P001 IBC03 LP01,,T2,TP1,222
1173,,3,,II,,1 L,E2,P001 IBC02,,T4,TP1,222
1175,,3,,II,,1 L,E2,P001 IBC02,,T4,TP1,222
1176,,3,,II,,1 L,E2,P001 IBC02,,T4,TP1,222
1177,-2-,3,,III,,5 L,E1,P001 IBC03 LP01,,T2,TP1,222
1178,2-,3,,II,,1 L,E2,P001 IBC02,,T4,TP1,222
1179,,3,,II,,1 L,E2,P001 IBC02,,T4,TP1,222
1180,,3,,III,,5 L,E1,P001 IBC03 LP01,,T2,TP1,222
1181,,6.1,3,II,,100 ml,E4,P001 IBC02,,T7,TP2,222
1182,,6.1,3 8,I,354,0,E0,P602,,T20,TP2 TP13,222
1183,,4.3,3 8,I,,0,E0,P401,,T14,TP2 TP7 TP13,222
1184,,3,6.1,II,,1 L,E2,P001 IBC02,,T7,TP1,223
1185,,6.1,3,I,354 386,0,E0,P601,,T22,TP2 TP13,223
1188,,3,,III,,5 L,E1,P001 IBC03 LP01,,T2,TP1,223
1189,,3,,III,,5 L,E1,P001 IBC03 LP01,,T2,TP1,223
1190,,3,,II,,1 L,E2,P001 IBC02,,T4,TP1,223
1191,,3,,III,,5 L,E1,P001 IBC03 LP01,,T2,TP1,223
1192,,3,,III,,5 L,E1,P001 IBC03 LP01,,T2,TP1,223
1193,(),3,,II,,1 L,E2,P001 IBC02,,T4,TP1,223
1194,,3,6.1,I,,0,E0,P001,,,,223
1195,,3,,II,,1 L,E2,P001 IBC02,,T4,TP1,223
1196,,3,8,II,,0,E0,P010,,T10,TP2 TP7 TP13,223
1197,,3,,II,,5 L,E2,P001 IBC02,,T4,TP1 TP8,223
1197,,3,,III,223,5 L,E1,P001 IBC03 LP01,,T2,TP1,223
1198,,3,8,III,,5 L,E1,P001 IBC03,,T4,TP1,223
1199,,6.1,3,II,,100 ml,E4,P001 IBC02,,T7,TP2,223
1201,,3,,II,,1 L,E2,P001 IBC02,,T4,TP1,223
1201,,3,,III,223,5 L,E1,P001 IBC03 LP01,,T2,TP1,223
1202,,3,,III,,5 L,E1,P001 IBC03 LP01,,T2,TP1,223
1203,,3,,II,243,1 L,E2,P001 IBC02,,T4,TP1,223
1204,1%,3,,II,28,1 L,E0,P001 IBC02,PP5,,,223
1206,,3,,II,,1 L,E2,P001 IBC02,,T4,TP1,223
1207,,3,,III,,5 L,E1,P001 IBC03 LP01,,T2,TP1,224
1208,,3,,II,,1 L,E2,P001 IBC02,,T4,TP1,224
1210,( ),3,,I,163 367,500 ml,E3,P001,,T11,TP1 TP8,224
1210,( ),3,,II,163 367,5 L,E2,P001 IBC02,PP1,T4,TP1TP8,224
1210,( ),3,,III,163 223 367,5 L,E1,P001 IBC03 LP01,PP1,T2,TP1,224
1212,,3,,III,,5 L,E1,P001 IBC03 LP01,,T2,TP1,224
1213,,3,,II,,1 L,E2,P001 IBC02,,T4,TP1,224
1214,,3,8,II,,1 L,E2,P001 IBC02,,T7,TP1,224
1216,,3,,II,,1 L,E2,P001 IBC02,,T4,TP1,224
1218,,3,,I,386,0,E3,P001,,T11,TP2,224
1219,,3,,II,,1 L,E2,P001 IBC02,,T4,TP1,224
1220,,3,,II,,1 L,E2,P001 IBC02,,T4,TP1,224
1221,,3,8,I,,0,E0,P001,,T11,TP2,224
1222,,3,,II,26,1 L,E2,P001 IBC02,B7,,,224
1223,,3,,III,,5 L,E1,P001 IBC03 LP01,,T2,TP2,224
1224,,3,,II,274,1 L,E2,P001 IBC02,,T7,TP1 TP8 TP28,224
1224,,3,,III,223 274,5 L,E1,P001 IBC03 LP01,,T4,TP1 TP29,224
1228,,3,6.1,II,274,1 L,E0,P001 IBC02,,T11,TP2 TP27,224
1228,,3,6.1,III,223 274,5 L,E1,P001 IBC03,,T7,TP1 TP28,224
1229,,3,,III,,5 L,E1,P001 IBC03 LP01,,T2,TP1,224
1230,,3,6.1,II,279,1 L,E2,P001 IBC02,,T7,TP2,225
1231,,3,,II,,1 L,E2,P001 IBC02,,T4,TP1,225
1233,,3,,III,,5 L,E1,P001 IBC03 LP01,,T2,TP1,225
1234,(),3,,II,,1 L,E2,P001 IBC02,B8,T7,TP2,225
1235,,3,8,II,,1 L,E2,P001 IBC02,,T7,TP1,225
1237,,3,,II,,1 L,E2,P001 IBC02,,T4,TP1,225
1238,,6.1,3 8,I,354,0,E0,P602,,T22,TP2 TP13,225
1239,,6.1,3,I,354,0,E0,P602,,T22,TP2 TP13,225
1242,,4.3,3 8,I,,0,E0,P401,,T14,TP2 TP7 TP13,225
1243,,3,,I,,0,E3,P001,,T11,TP2,225
1244,,6.1,3 8,I,354,0,E0,P602,,T22,TP2 TP13,225
1245,,3,,II,,1 L,E2,P001 IBC02,,T4,TP1,225
1246,,3,,II,386,1 L,E2,P001 IBC02,,T4,TP1,225
1247,,3,,II,386,1 L,E2,P001 IBC02,,T4,TP1,225
1248,,3,,II,,1 L,E2,P001 IBC02,,T4,TP1,225
1249,,3,,II,,1 L,E2,P001 IBC02,,T4,TP1,225
1250,,3,8,II,,0,E0,P010,,T10,TP2 TP7 TP13,225
1251,,6.1,3 8,I,354 386,0,E0,P601,,T22,TP2 TP13,225
1259,,6.1,3,I,,0,E0,P601,,,,225
1261,,3,,II,26,1 L,E0,P001,,,,225
1262,,3,,II,,1 L,E2,P001 IBC02,,T4,TP1,225
1263,( ) (),3,,I,163 367,500 ml,E3,P001,,T11,TP1 TP8 TP27,225
1263,( ) (),3,,II,163 367,5 L,E2,P001 IBC02,PP1,T4,TP1 TP8 TP28,226
1263,( ) (),3,,III,163 223 367,5 L,E1,P001 IBC03 LP01,PP1,T2,TP1 TP29,226
1264,(),3,,III,,5 L,E1,P001 IBC03 LP01,,T2,TP1,226
1265,,3,,I,,0,E3,P001,,T11,TP2,226
1265,,3,,II,,1 L,E2,P001 IBC02,B8,T4,TP1,226
1266,,3,,II,163,5 L,E2,P001 IBC02,,T4,TP1 TP8,226
1266,,3,,III,163 223,5 L,E1,P001 IBC03 LP01,,T2,TP1,226
1267,,3,,I,357,500 ml,E3,P001,,T11,TP1 TP8,226
1267,,3,,II,357,1 L,E2,P001 IBC02,,T4,TP1 TP8,226
1267,,3,,III,223 357,5 L,E1,P001 IBC03 LP01,,T2,TP1,226
1268,,3,,I,,500 ml,E3,P001,,T11,TP1 TP8,226
1268,,3,,II,,1 L,E2,P001 IBC02,,T7,TP1 TP8 TP28,226
1268,,3,,III,223,5 L,E1,P001 IBC03 LP01,,T4,TP1 TP29,226
1272,,3,,III,,5 L,E1,P001 IBC03 LP01,,T2,TP1,226
1274,,3,,II,,1 L,E2,P001 IBC02,,T4,TP1,226
1274,,3,,III,223,5 L,E1,P001 IBC03 LP01,,T2,TP1,226
1275,,3,,II,,1 L,E2,P001 IBC02,,T7,TP1,226
1276,,3,,II,,1 L,E2,P001 IBC02,,T4,TP1,226
1277,,3,8,II,,1 L,E2,P001 IBC02,,T7,TP1,226
1278,1-,3,,II,,1 L,E0,P001 IBC02,B8,T7,TP2,227
1279,"1,2-",3,,II,,1 L,E2,P001 IBC02,,T4,TP1,227
1280,,3,,I,,0,E3,P001,,T11,TP2 TP7,227
1281,,3,,II,,1 L,E2,P001 IBC02,,T4,TP1,227
1282,,3,,II,,1 L,E2,P001 IBC02,,T4,TP2,227
1286,,3,,II,,5 L,E2,P001 IBC02,,T4,TP1,227
1286,,3,,III,223,5 L,E1,P001 IBC03 LP01,,T2,TP1,227
1287,,3,,II,,5 L,E2,P001 IBC02,,T4,TP1 TP8,227
1287,,3,,III,223,5 L,E1,P001 IBC03 LP01,,T2,TP1,227
1288,,3,,II,,1 L,E2,P001 IBC02,,T4,TP1 TP8,227
1288,,3,,III,223,5 L,E1,P001 IBC03 LP01,,T2,TP1,227
1289,,3,8,II,,1 L,E2,P001 IBC02,,T7,TP1 TP8,227
1289,,3,8,III,223,5 L,E1,P001 IBC03,,T4,TP1,227
1292,,3,,III,,5 L,E1,P001 IBC03 LP01,,T2,TP1,227
1293,,3,,II,,1 L,E2,P001 IBC02,,T4,TP1 TP8,227
1293,,3,,III,223,5 L,E1,P001 IBC03 LP01,,T2,TP1,227
1294,,3,,II,,1 L,E2,P001 IBC02,,T4,TP1,227
1295,,4.3,3 8,I,,0,E0,P401,,T14,TP2 TP7 TP13,227
1296,,3,8,II,,1 L,E2,P001 IBC02,,T7,TP1,227
1297,50%,3,8,I,,0,E0,P001,,T11,TP1,227
1297,50%,3,8,II,,1 L,E2,P001 IBC02,,T7,TP1,227
1297,50%,3,8,III,223,5 L,E1,P001 IBC03,,T7,TP1,227
1298,,3,8,II,,0,E0,P010,,T10,TP2 TP7 TP13,228
1299,,3,,III,,5 L,E1,P001 IBC03 LP01,,T2,TP1,228
1300,,3,,II,,1 L,E2,P001 IBC02,,T4,TP1,228
1300,,3,,III,223,5 L,E1,P001 IBC03 LP01,,T2,TP1,228
1301,,3,,II,386,1 L,E2,P001 IBC02,,T4,TP1,228
1302,,3,,I,386,0,E3,P001,,T11,TP2,228
1303,,3,,I,386,0,E3,P001,,T12,TP2 TP7,228
1304,,3,,II,386,1 L,E2,P001 IBC02,,T4,TP1,228
1305,,3,8,II,,0,E0,P010,,T10,TP2 TP7 TP13,228
1306,,3,,II,,5 L,E2,P001 IBC02,,T4,TP1 TP8,228
1306,,3,,III,223,5 L,E1,P001 IBC03 LP01,,T2,TP1,228
1307,,3,,II,,1 L,E2,P001 IBC02,,T4,TP1,228
1307,,3,,III,223,5 L,E1,P001 IBC03 LP01,,T2,TP1,228
1308,,3,,I,,0,E0,P001,PP33,,,228
1308,,3,,II,,1 L,E2,P001,PP33,,,228
1308,,3,,III,223,5 L,E1,P001,,,,228
1309,,4.1,,II,,1 kg,E2,P002 IBC08,"PP38 B2, B4",T3,TP33,228
1309,,4.1,,III,223,5 kg,E1,P002 IBC08 LP02,PP11 B3,T1,TP33,228
1310,10%,4.1,,I,28,0,E0,P406,PP26,,,228
1312,(),4.1,,III,,5 kg,E1,P002 IBC08 LP02,B3,T1,TP33,228
1313,,4.1,,III,,5 kg,E1,P002 IBC06,,T1,TP33,228
1314,,4.1,,III,,5 kg,E1,P002 IBC04,,T1,TP33,228
1318,,4.1,,III,,5 kg,E1,P002 IBC06,,T1,TP33,228
1320,15%,4.1,6.1,I,28,0,E0,P406,PP26,,,229
1321,15%,4.1,6.1,I,28,0,E0,P406,PP26,,,229
1322,15%,4.1,,I,28,0,E0,P406,PP26,,,229
1323,,4.1,,II,249,1 kg,E2,P002 IBC08,"B2, B4",T3,TP33,229
1324,,4.1,,III,,5 kg,E1,P002,PP15,,,229
1325,,4.1,,II,274,1 kg,E2,P002 IBC08,"B2, B4",T3,TP33,229
1325,,4.1,,III,223 274,5 kg,E1,P002 IBC08 LP02,B3,T1,TP33,229
1326,25% ( ) (a) 53 (b) 840,4.1,,II,,1 kg,E2,P410 IBC06,PP40 B2,T3,TP33,229
1327,,4.1,,,281,3 kg,E0,P003 IBC08,PP19 B6,,,229
1328,,4.1,,III,,5 kg,E1,P002 IBC08,B3,T1,TP33,229
1330,,4.1,,III,,5 kg,E1,P002 IBC06,,T1,TP33,229
1331,“”,4.1,,III,293,5 kg,E0,P407,PP27,,,229
1332,,4.1,,III,,5 kg,E1,P002 IBC08 LP02,B3,T1,TP33,229
1333,,4.1,,II,,1 kg,E2,P002 IBC08,"B2, B4",,,229
1334,,4.1,,III,,5 kg,E1,P002 IBC08 LP02,B3,T1 BK1 BK2 BK3,TP33,229
1336,() 20%,4.1,,I,28,0,E0,P406,,,,229
1337,20%,4.1,,I,28,0,E0,P406,,,,229
1338,,4.1,,III,,5 kg,E1,P410 IBC08,B3,T1,TP33,229
1339,,4.1,,II,,1 kg,E2,P410 IBC04,,T3,TP33,229
1340,,4.3,4.1,II,,500 g,E2,P410 IBC04,,T3,TP33,229
1341,,4.1,,II,,1 kg,E2,P410 IBC04,,T3,TP33,229
1343,,4.1,,II,,1 kg,E2,P410 IBC04,,T3,TP33,230
1344,30%,4.1,,I,28,0,E0,P406,PP26,,,230
1345,840 45%,4.1,,II,223,1 kg,E2,P002 IBC08,"B2, B4",T3,TP33,230
1346,,4.1,,III,32,5 kg,E1,P002 IBC08 LP02,B3,T1,TP33,230
1347,30%,4.1,,I,28,0,E0,P406,PP25 PP26,,,230
1348,15%,4.1,6.1,I,28,0,E0,P406,PP26,,,230
1349,20%,4.1,,I,28,0,E0,P406,PP26,,,230
1350,,4.1,,III,242,5 kg,E1,P002 IBC08 LP02,B3,T1 BK1 BK2 BK3,TP33,230
1352,25% ( ) (a) 53 (b) 840,4.1,,II,,1 kg,E2,P410 IBC06,PP40 B2,T3,TP33,230
1353,,4.1,,III,,5 kg,E1,P410 IBC08,B3,,,230
1354,30%,4.1,,I,28,0,E0,P406,,,,230
1355,30%,4.1,,I,28,0,E0,P406,,,,230
1356,30%,4.1,,I,28,0,E0,P406,,,,230
1357,20%,4.1,,I,28 227,0,E0,P406,,,,230
1358,25% ( ) 53 840,4.1,,II,,1 kg,E2,P410 IBC06,PP40 B2,T3,TP33,230
1360,,4.3,6.1,I,,0,E0,P403,,,,230
1361,,4.2,,II,,0,E0,P002 IBC06,PP12,T3,TP33,230
1361,,4.2,,III,223,0,E0,P002 IBC08 LP02,PP12 B3,T1,TP33,230
1362,,4.2,,III,223,0,E1,P002 IBC08 LP02,PP11 B3,T1,TP33,231
1363,,4.2,,III,29,0,E0,P003 IBC08 LP02,"PP20 B3, B6",BK2,,231
1364,,4.2,,III,,0,E0,P003 IBC08 LP02,"PP19 B3, B6",,,231
1365,,4.2,,III,29,0,E0,P003 IBC08 LP02,"PP19 B3, B6",,,231
1369,,4.2,,II,,0,E2,P410 IBC06,B2,T3,TP33,231
1372,,4.2,,III,123,0,E1,P410,,,,231
1373,,4.2,,III,,0,E0,P410 IBC08,B3,T1,TP33,231
1374,(),4.2,,II,300,0,E2,P410 IBC08,"B2, B4",T3,TP33,231
1376,,4.2,,III,223,0,E0,P002 IBC08 LP02,B3,T1 BK2,TP33,231
1378,,4.2,,II,274,0,E0,P410 IBC01,PP39,T3,TP33,231
1379,(),4.2,,III,,0,E0,P410 IBC08,B3,,,231
1380,,4.2,6.1,I,,0,E0,P601,,,,231
1381,,4.2,6.1,I,,0,E0,P405,,T9,TP3 TP31,231
1382,30%,4.2,,II,,0,E2,P410 IBC06,B2,T3,TP33,231
1383,,4.2,,I,274,0,E0,P404,,T21,TP7 TP33,231
1384,,4.2,,II,,0,E2,P410 IBC06,B2,T3,TP33,231
1385,30%,4.2,,II,,0,E2,P410 IBC06,B2,T3,TP33,231
1386,1.5% 11%,4.2,,III,29,0,E0,P003 IBC08 LP02,"PP20 B3, B6",BK2,,231
1387,,4.2,,III,123,0,E1,P410,,,,231
1389,,4.3,,I,182,0,E0,P402,,,,231
1390,,4.3,,II,182,500 g,E2,P410 IBC07,B2,T3,TP33,231
1391,,4.3,,I,182 183,0,E0,P402,,T13,TP2 TP7 TP42,231
1392,,4.3,,I,183,0,E0,P402,,,,231
1393,,4.3,,II,,500 g,E2,P410 IBC07,B2,T3,TP33,232
1394,,4.3,,II,,500 g,E2,P410 IBC07,B2,T3,TP33,232
1395,,4.3,6.1,II,,500 g,E2,P410 IBC05,B2,T3,TP33,232
1396,,4.3,,II,,500 g,E2,P410 IBC07,B2,T3,TP33,232
1396,,4.3,,III,223,1 kg,E1,P410 IBC08,B4,T1,TP33,232
1397,,4.3,6.1,I,,0,E0,P403,,,,232
1398,,4.3,,III,37 223,1 kg,E1,P410 IBC08,B4,T1 BK2,TP33,232
1400,,4.3,,II,,500 g,E2,P410 IBC07,B2,T3,TP33,232
1401,,4.3,,II,,500 g,E2,P410 IBC07,B2,T3,TP33,232
1402,,4.3,,I,,0,E0,P403 IBC04,B1,T9,TP7 TP33,232
1402,,4.3,,II,,500 g,E2,P410 IBC07,B2,T3,TP33,232
1403,0.1%,4.3,,III,38,1 kg,E1,P410 IBC08,B4,T1,TP33,232
1404,,4.3,,I,,0,E0,P403,,,,232
1405,,4.3,,II,,500 g,E2,P410 IBC07,B2,T3,TP33,232
1405,,4.3,,III,223,1 kg,E1,P410 IBC08,B4,T1,TP33,232
1407,,4.3,,I,,0,E0,P403 IBC04,B1,,,232
1408,30% - 90%,4.3,6.1,III,39 223,1 kg,E1,P003 IBC08,"PP20 B4, B6",T1BK2,TP33,232
1409,,4.3,,I,274,0,E0,P403,,,,232
1409,,4.3,,II,274,500 g,E2,P410 IBC04,,T3,TP33,232
1410,,4.3,,I,,0,E0,P403,,,,232
1411,,4.3,3,I,,0,E0,P402,,,,232
1413,,4.3,,I,,0,E0,P403,,,,232
1414,,4.3,,I,,0,E0,P403,,,,232
1415,,4.3,,I,,0,E0,P403 IBC04,B1,T9,TP7 TP33,232
1417,,4.3,,II,,500 g,E2,P410 IBC07,B2,T3,TP33,232
1418,,4.3,4.2,I,,0,E0,P403,,,,232
1418,,4.3,4.2,II,,0,E2,P410 IBC05,B2,T3,TP33,232
1418,,4.3,4.2,III,223,0,E1,P410 IBC08,B4,T1,TP33,232
1419,,4.3,6.1,I,,0,E0,P403,,,,232
1420,,4.3,,I,,0,E0,P402,,,,233
1421,,4.3,,I,182,0,E0,P402,,,,233
1422,,4.3,,I,,0,E0,P402,,T9,TP3 TP7 TP31,233
1423,,4.3,,I,,0,E0,P403 IBC04,B1,,,233
1426,,4.3,,I,,0,E0,P403,,,,233
1427,,4.3,,I,,0,E0,P403,,,,233
1428,,4.3,,I,,0,E0,P403 IBC04,B1,T9,TP7 TP33,233
1431,,4.2,8,II,,0,E2,P410 IBC05,B2,T3,TP33,233
1432,,4.3,6.1,I,,0,E0,P403,,,,233
1433,,4.3,6.1,I,,0,E0,P403,,,,233
1435,,4.3,,III,223,1 kg,E1,P002 IBC08,B4,T1 BK2,TP33,233
1436,,4.3,4.2,I,,0,E0,P403,,,,233
1436,,4.3,4.2,II,,0,E2,P410 IBC07,B2,T3,TP33,233
1436,,4.3,4.2,III,223,0,E1,P410 IBC08,B4,T1,TP33,233
1437,,4.1,,II,,1 kg,E2,P410 IBC04,PP40,T3,TP33,233
1438,,5.1,,III,,5 kg,E1,P002 IBC08 LP02,B3,T1 BK1 BK2,TP33,233
1439,,5.1,,II,,1 kg,E2,P002 IBC08,"B2, B4",T3,TP33,233
1442,,5.1,,II,152,1 kg,E2,P002 IBC06,B2,T3,TP33,233
1444,,5.1,,III,,5 kg,E1,P002 IBC08 LP02,B3,T1,TP33,233
1445,,5.1,6.1,II,,1 kg,E2,P002 IBC06,B2,T3,TP33,233
1446,,5.1,6.1,II,,1 kg,E2,P002 IBC08,"B2, B4",T3,TP33,233
1447,,5.1,6.1,II,,1 kg,E2,P002 IBC06,B2,T3,TP33,233
1448,,5.1,6.1,II,,1 kg,E2,P002 IBC06,B2,T3,TP33,233
1449,,5.1,6.1,II,,1 kg,E2,P002 IBC06,B2,T3,TP33,233
1450,,5.1,,II,274 350,1 kg,E2,P002 IBC08,"B2, B4",T3,TP33,233
1451,,5.1,,III,,5 kg,E1,P002 IBC08 LP02,B3,T1,TP33,233
1452,,5.1,,II,,1 kg,E2,P002 IBC08,"B2, B4",T3,TP33,234
1453,,5.1,,II,,1 kg,E2,P002 IBC08,"B2, B4",T3,TP33,234
1454,,5.1,,III,208,5 kg,E1,P002 IBC08 LP02,B3,T1 BK1 BK2 BK3,TP33,234
1455,,5.1,,II,,1 kg,E2,P002 IBC06,B2,T3,TP33,234
1456,,5.1,,II,,1 kg,E2,P002 IBC06,B2,T3,TP33,234
1457,,5.1,,II,,1 kg,E2,P002 IBC06,B2,T3,TP33,234
1458,,5.1,,II,,1 kg,E2,P002 IBC08,"B2, B4",T3,TP33,234
1458,,5.1,,III,223,5 kg,E1,P002 IBC08 LP02,B3,T1,TP33,234
1459,,5.1,,II,,1 kg,E2,P002 IBC08,"B2, B4",T3,TP33,234
1459,,5.1,,III,223,5 kg,E1,P002 IBC08 LP02,B3,T1,TP33,234
1461,,5.1,,II,274 351,1 kg,E2,P002 IBC06,B2,T3,TP33,234
1462,,5.1,,II,274 352,1 kg,E2,P002 IBC06,B2,T3,TP33,234
1463,,5.1,6.1 8,II,,1 kg,E2,P002 IBC08,"B2, B4",T3,TP33,234
1465,,5.1,,III,,5 kg,E1,P002 IBC08 LP02,B3,T1,TP33,234
1466,,5.1,,III,,5 kg,E1,P002 IBC08 LP02,B3,T1,TP33,234
1467,,5.1,,III,,5 kg,E1,P002 IBC08 LP02,B3,T1,TP33,234
1469,,5.1,6.1,II,,1 kg,E2,P002 IBC08,"B2, B4",T3,TP33,234
1470,,5.1,6.1,II,,1 kg,E2,P002 IBC06,B2,T3,TP33,234
1471,,5.1,,II,,1 kg,E2,P002 IBC08,"B2, B4",,,234
1471,,5.1,,III,223,5kg,E1,P002 IBC08 LP02,B3,T1,TP33,234
1472,,5.1,,II,,1 kg,E2,P002 IBC06,B2,T3,TP33,234
1473,,5.1,,II,,1 kg,E2,P002 IBC08,"B2, B4",T3,TP33,235
1474,,5.1,,III,332,5 kg,E1,P002 IBC08 LP02,B3,T1 BK1 BK2 BK3,TP33,235
1475,,5.1,,II,,1 kg,E2,P002 IBC06,B2,T3,TP33,235
1476,,5.1,,II,,1 kg,E2,P002 IBC06,B2,T3,TP33,235
1477,,5.1,,II,,1 kg,E2,P002 IBC08,"B2, B4",T3,TP33,235
1477,,5.1,,III,223,5 kg,E1,P002 IBC08 LP02,B3,T1,TP33,235
1479,,5.1,,I,274,0,E0,P503 IBC05,B1,,,235
1479,,5.1,,II,274,1 kg,E2,P002 IBC08,"B2, B4",T3,TP33,235
1479,,5.1,,III,223 274,5 kg,E1,P002 IBC08 LP02,B3,T1,TP33,235
1481,,5.1,,II,,1 kg,E2,P002 IBC06,B2,T3,TP33,235
1481,,5.1,,III,223,5 kg,E1,P002 IBC08 LP02,B3,T1,TP33,235
1482,,5.1,,II,206 274 353,1 kg,E2,P002 IBC06,B2,T3,TP33,235
1482,,5.1,,III,206 223 274 353,5 kg,E1,P002 IBC08 LP02,B3,T1,TP33,235
1483,,5.1,,II,,1 kg,E2,P002 IBC06,B2,T3,TP33,235
1483,,5.1,,III,223,5 kg,E1,P002 IBC08 LP02,B3,T1,TP33,235
1484,,5.1,,II,,1 kg,E2,P002 IBC08,"B2, B4",T3,TP33,235
1485,,5.1,,II,,1 kg,E2,P002 IBC08,"B2, B4",T3,TP33,235
1486,,5.1,,III,,5 kg,E1,P002 IBC08 LP02,B3,T1 BK1 BK2 BK3,TP33,235
1487,,5.1,,II,,1 kg,E2,P002 IBC08,"B2, B4",T3,TP33,235
1488,,5.1,,II,,1 kg,E2,P002 IBC08,"B2, B4",T3,TP33,235
1489,,5.1,,II,,1 kg,E2,P002 IBC06,B2,T3,TP33,236
1490,,5.1,,II,,1 kg,E2,P002 IBC08,"B2, B4",T3,TP33,236
1491,,5.1,,I,,0,E0,P503 IBC06,B1,,,236
1492,,5.1,,III,,5 kg,E1,P002 IBC08 LP02,B3,T1,TP33,236
1493,,5.1,,II,,1 kg,E2,P002 IBC08,"B2, B4",T3,TP33,236
1494,,5.1,,II,,1 kg,E2,P002 IBC08,"B2, B4",T3,TP33,236
1495,,5.1,,II,,1 kg,E2,P002 IBC08,"B2, B4",T3 BK1 BK2,TP33,236
1496,,5.1,,II,,1 kg,E2,P002 IBC08,"B2, B4",T3,TP33,236
1498,,5.1,,III,,5 kg,E1,P002 IBC08 LP02,B3,T1 BK1 BK2 BK3,TP33,236
1499,,5.1,,III,,5 kg,E1,P002 IBC08 LP02,B3,T1 BK1 BK2 BK3,TP33,236
1500,,5.1,6.1,III,,5 kg,E1,P002 IBC08,B3,T1,TP33,236
1502,,5.1,,II,,1 kg,E2,P002 IBC06,B2,T3,TP33,236
1503,,5.1,,II,,1 kg,E2,P002 IBC06,B2,T3,TP33,236
1504,,5.1,,I,,0,E0,P503 IBC05,B1,,,236
1505,,5.1,,III,,5 kg,E1,P002 IBC08 LP02,B3,T1,TP33,236
1506,,5.1,,II,,1 kg,E2,P002 IBC08,"B2, B4",T3,TP33,236
1507,,5.1,,III,,5 kg,E1,P002 IBC08 LP02,B3,T1,TP33,236
1508,,5.1,,II,,1 kg,E2,P002 IBC06,B2,T3,TP33,236
1509,,5.1,,II,,1 kg,E2,P002 IBC06,B2,T3,TP33,236
1510,,6.1,5.1,I,354,0,E0,P602,,,,236
1511,,5.1,8,III,,5 kg,E1,P002 IBC08,B3,T1,TP33,236
1512,,5.1,,II,,1 kg,E2,P002 IBC08,"B2, B4",T3,TP33,236
1513,,5.1,,II,,1 kg,E2,P002 IBC08,"B2, B4",T3,TP33,237
1514,,5.1,,II,,1 kg,E2,P002 IBC08,"B2, B4",T3,TP33,237
1515,,5.1,,II,,1 kg,E2,P002 IBC06,B2,T3,TP33,237
1516,,5.1,,II,,1 kg,E2,P002 IBC06,B2,T3,TP33,237
1517,20%,4.1,,I,28,0,E0,P406,PP26,,,237
1541,,6.1,,I,354,0,E0,P602,,T20,TP2 TP13,237
1544,,6.1,,I,43 274,0,E5,P002 IBC07,B1,T6,TP33,237
1544,,6.1,,II,43 274,500 g,E4,P002 IBC08,"B2, B4",T3,TP33,237
1544,,6.1,,III,43 223 274,5 kg,E1,P002 IBC08 LP02,B3,T1,TP33,237
1545,,6.1,3,II,386,100 ml,E0,P001 IBC02,,T7,TP2,237
1546,,6.1,,II,,500 g,E4,P002 IBC08,"B2, B4",T3,TP33,237
1547,,6.1,,II,279,100 ml,E4,P001 IBC02,,T7,TP2,237
1548,,6.1,,III,,5 kg,E1,P002 IBC08 LP02,B3,T1,TP33,237
1549,,6.1,,III,45 274,5 kg,E1,P002 IBC08 LP02,B3,T1,TP33,237
1550,,6.1,,III,,5 kg,E1,P002 IBC08 LP02,B3,T1,TP33,237
1551,,6.1,,III,,5 kg,E1,P002 IBC08 LP02,B3,T1,TP33,237
1553,,6.1,,I,,0,E5,P001,,T20,TP2 TP7 TP13,237
1554,,6.1,,II,,500 g,E4,P002 IBC08,"B2, B4",T3,TP33,237
1555,,6.1,,II,,500 g,E4,P002 IBC08,"B2, B4",T3,TP33,237
1556,,6.1,,I,43 274,0,E5,P001,,T14,TP2 TP13 TP27,237
1556,,6.1,,II,43 274,100 ml,E4,P001 IBC02,,T11,TP2 TP13 TP27,238
1556,,6.1,,III,43 223 274,5 L,E1,P001 IBC03 LP01,,T7,TP2 TP28,238
1557,,6.1,,I,43 274,0,E5,P002 IBC07,B1,T6,TP33,238
1557,,6.1,,II,43 274,500 g,E4,P002 IBC08,"B2, B4",T3,TP33,238
1557,,6.1,,III,43 223 274,5 kg,E1,P002 IBC08 LP02,B3,T1,TP33,238
1558,,6.1,,II,,500 g,E4,P002 IBC08,"B2, B4",T3,TP33,238
1559,,6.1,,II,,500 g,E4,P002 IBC08,"B2, B4",T3,TP33,238
1560,,6.1,,I,,0,E0,P602,,T14,TP2 TP13,238
1561,,6.1,,II,,500 g,E4,P002 IBC08,"B2, B4",T3,TP33,238
1562,,6.1,,II,,500 g,E4,P002 IBC08,"B2, B4",T3,TP33,238
1564,,6.1,,II,177 274,500 g,E4,P002 IBC08,"B2, B4",T3,TP33,238
1564,,6.1,,III,177 223 274,5 kg,E1,P002 IBC08 LP02,B3,T1,TP33,238
1565,,6.1,,I,,0,E5,P002 IBC07,B1,T6,TP33,238
1566,,6.1,,II,274,500 g,E4,P002 IBC08,"B2, B4",T3,TP33,238
1566,,6.1,,III,223 274,5 kg,E1,P002 IBC08 LP02,B3,T1,TP33,238
1567,,6.1,4.1,II,,500 g,E4,P002 IBC08,"B2, B4",T3,TP33,238
1569,,6.1,3,II,,0,E0,P602,,T20,TP2 TP13,238
1570,(),6.1,,I,43,0,E5,P002 IBC07,B1,T6,TP33,239
1571,50%,4.1,6.1,I,28,0,E0,P406,,,,239
1572,(),6.1,,II,,500 g,E4,P002 IBC08,"B2, B4",T3,TP33,239
1573,,6.1,,II,,500 g,E4,P002 IBC08,"B2, B4",T3,TP33,239
1574,,6.1,,II,,500 g,E4,P002 IBC08,"B2, B4",T3,TP33,239
1575,,6.1,,I,,0,E5,P002 IBC07,B1,T6,TP33,239
1577,,6.1,,II,279,100 ml,E4,P001 IBC02,,T7,TP2,239
1578,,6.1,,II,279,500 g,E4,P002 IBC08,"B2, B4",T3,TP33,239
1579,,6.1,,III,,5 kg,E1,P002 IBC08 LP02,B3,T1,TP33,239
1580,(),6.1,,I,354,0,E0,P601,,T22,TP2 TP13,239
1581,2%,2.3,,,,0,E0,P200,,T50,,239
1582,,2.3,,,,0,E0,P200,,T50,,239
1583,,6.1,,I,274 315,0,E0,P602,,,,239
1583,,6.1,,II,274,100 ml,E0,P001 IBC02,,,,239
1583,,6.1,,III,223 274,5 L,E0,P001 IBC03 LP01,,,,239
1585,,6.1,,II,,500 g,E4,P002 IBC08,"B2, B4",T3,TP33,239
1586,,6.1,,II,,500 g,E4,P002 IBC08,"B2, B4",T3,TP33,239
1587,,6.1,,II,,500 g,E4,P002 IBC08,"B2, B4",T3,TP33,239
1588,,6.1,,I,47 274,0,E5,P002 IBC07,B1,T6,TP33,239
1588,,6.1,,II,47 274,500 g,E4,P002 IBC08,"B2, B4",T3,TP33,239
1588,,6.1,,III,47 223 274,5 kg,E1,P002 IBC08 LP02,B3,T1,TP33,239
1589,,2.3,8,,386,0,E0,P200,,,,239
1590,,6.1,,II,279,100 ml,E4,P001 IBC02,,T7,TP2,239
1591,,6.1,,III,279,5 L,E1,P001 IBC03 LP01,,T4,TP1,240
1593,,6.1,,III,,5 L,E1,P001 IBC03 LP01,B8,T7,TP2,240
1594,,6.1,,II,,100 ml,E4,P001 IBC02,,T7,TP2,240
1595,,6.1,8,I,354,0,E0,P602,,T20,TP2 TP13,240
1596,,6.1,,II,,500 g,E4,P002 IBC08,"B2, B4",T3,TP33,240
1597,,6.1,,II,,100 ml,E4,P001 IBC02,,T7,TP2,240
1597,,6.1,,III,223,5 L,E1,P001 IBC03 LP01,,T7,TP2,240
1598,,6.1,,II,43,500 g,E4,P002 IBC08,"B2, B4",T3,TP33,240
1599,,6.1,,II,,100 ml,E4,P001 IBC02,,T7,TP2,240
1599,,6.1,,III,223,5 L,E1,P001 IBC03 LP01,,T4,TP1,240
1600,,6.1,,II,,0,E0,,,T7,TP3,240
1601,,6.1,,I,274,0,E5,P002 IBC07,B1,T6,TP33,240
1601,,6.1,,II,274,500 g,E4,P002 IBC08,"B2, B4",T3,TP33,240
1601,,6.1,,III,274,5 kg,E1,P002 IBC08 LP02,B3,T1,TP33,240
1602,,6.1,,I,274,0,E5,P001,,,,240
1602,,6.1,,II,274,100 ml,E4,P001 IBC02,,,,240
1602,,6.1,,III,223 274,5 L,E1,P001 IBC03 LP01,,,,240
1603,,6.1,3,II,,100 ml,E0,P001 IBC02,,T7,TP2,240
1604,"1,2-()",8,3,II,,1 L,E2,P001 IBC02,,T7,TP2,240
1605,(),6.1,,I,354,0,E0,P602,,T20,TP2 TP13,240
1606,,6.1,,II,,500 g,E4,P002 IBC08,"B2, B4",T3,TP33,240
1607,,6.1,,II,,500 g,E4,P002 IBC08,"B2, B4",T3,TP33,241
1608,,6.1,,II,,500 g,E4,P002 IBC08,"B2, B4",T3,TP33,241
1611,,6.1,,II,,100 ml,E4,P001 IBC02,,T7,TP2,241
1612,,2.3,,,,0,E0,P200,,,,241
1613,( )20%,6.1,,I,48,0,E0,P601,,T14,TP2 TP13,241
1614,3%,6.1,,I,386,0,E0,P099,,,,241
1616,(),6.1,,III,,5 kg,E1,P002 IBC08 LP02,B3,T1,TP33,241
1617,,6.1,,II,,500 g,E4,P002 IBC08,"B2, B4",T3,TP33,241
1618,,6.1,,II,,500 g,E4,P002 IBC08,"B2, B4",T3,TP33,241
1620,,6.1,,II,,500 g,E4,P002 IBC08,"B2, B4",T3,TP33,241
1621,,6.1,,II,43,500 g,E4,P002 IBC08,"B2, B4",T3,TP33,241
1622,,6.1,,II,,500 g,E4,P002 IBC08,"B2, B4",T3,TP33,241
1623,,6.1,,II,,500 g,E4,P002 IBC08,"B2, B4",T3,TP33,241
1624,,6.1,,II,,500 g,E4,P002 IBC08,"B2, B4",T3,TP33,241
1625,,6.1,,II,,500 g,E4,P002 IBC08,"B2, B4",T3,TP33,241
1626,,6.1,,I,,0,E5,P002 IBC07,B1,T6,TP33,241
1627,,6.1,,II,,500 g,E4,P002 IBC08,"B2, B4",T3,TP33,241
1629,(),6.1,,II,,500 g,E4,P002 IBC08,"B2, B4",T3,TP33,241
1630,,6.1,,II,,500 g,E4,P002 IBC08,"B2, B4",T3,TP33,241
1631,,6.1,,II,,500 g,E4,P002 IBC08,"B2, B4",T3,TP33,241
1634,,6.1,,II,,500 g,E4,P002 IBC08,"B2, B4",T3,TP33,241
1636,,6.1,,II,,500 g,E4,P002 IBC08,"B2, B4",T3,TP33,241
1637,,6.1,,II,,500 g,E4,P002 IBC08,"B2, B4",T3,TP33,241
1638,,6.1,,II,,500 g,E4,P002 IBC08,"B2, B4",T3,TP33,241
1639,,6.1,,II,,500 g,E4,P002 IBC08,"B2, B4",T3,TP33,241
1640,,6.1,,II,,500 g,E4,P002 IBC08,"B2, B4",T3,TP33,242
1641,,6.1,,II,,500 g,E4,P002 IBC08,"B2, B4",T3,TP33,242
1642,,6.1,,II,,500 g,E4,P002 IBC08,"B2, B4",T3,TP33,242
1643,,6.1,,II,,500 g,E4,P002 IBC08,"B2, B4",T3,TP33,242
1644,,6.1,,II,,500 g,E4,P002 IBC08,"B2, B4",T3,TP33,242
1645,,6.1,,II,,500 g,E4,P002 IBC08,"B2, B4",T3,TP33,242
1646,,6.1,,II,,500 g,E4,P002 IBC08,"B2, B4",T3,TP33,242
1647,,6.1,,I,354,0,E0,P602,,T20,TP2 TP13,242
1648,,3,,II,,1 L,E2,P001 IBC02,,T7,TP2,242
1649,,6.1,,I,,0,E0,P602,,T14,TP2 TP13,242
1650,-,6.1,,II,,500 g,E4,P002 IBC08,"B2, B4",T3,TP33,242
1651,,6.1,,II,43,500 g,E4,P002 IBC08,"B2, B4",T3,TP33,242
1652,,6.1,,II,,500 g,E4,P002 IBC08,"B2, B4",T3,TP33,242
1653,,6.1,,II,,500 g,E4,P002 IBC08,"B2, B4",T3,TP33,242
1654,,6.1,,II,,100 ml,E4,P001 IBC02,,,,242
1655,,6.1,,I,43 274,0,E5,P002 IBC07,B1,T6,TP33,242
1655,,6.1,,II,43 274,500 g,E4,P002 IBC08,"B2, B4",T3,TP33,242
1655,,6.1,,III,43 223 274,5 kg,E1,P002 IBC08 LP02,B3,T1,TP33,242
1656,,6.1,,II,43,100 ml,E4,P001 IBC02,,,,242
1656,,6.1,,III,43 223,5 L,E1,P001 IBC03 LP01,,,,242
1657,,6.1,,II,,500 g,E4,P002 IBC08,"B2, B4",T3,TP33,242
1658,,6.1,,II,,100 ml,E4,P001 IBC02,,T7,TP2,242
1658,,6.1,,III,223,5 L,E1,P001 IBC03 LP01,,T7,TP2,242
1659,,6.1,,II,,500 g,E4,P002 IBC08,"B2, B4",T3,TP33,243
1660,,2.3,5.1 8,,,0,E0,P200,,,,243
1661,(),6.1,,II,279,500 g,E4,P002 IBC08,"B2, B4",T3,TP33,243
1662,,6.1,,II,279,100 ml,E4,P001 IBC02,,T7,TP2,243
1663,(),6.1,,III,279,5 kg,E1,P002 IBC08 LP02,B3,T1,TP33,243
1664,,6.1,,II,,100 ml,E4,P001 IBC02,,T7,TP2,243
1665,,6.1,,II,,100 ml,E4,P001 IBC02,,T7,TP2,243
1669,,6.1,,II,,100 ml,E4,P001 IBC02,,T7,TP2,243
1670,,6.1,,I,354,0,E0,P602,,T20,TP2 TP13,243
1671,,6.1,,II,279,500 g,E4,P002 IBC08,"B2, B4",T3,TP33,243
1672,,6.1,,I,,0,E0,P602,,T14,TP2 TP13,243
1673,(),6.1,,III,279,5 kg,E1,P002 IBC08 LP02,B3,T1,TP33,243
1674,,6.1,,II,43,500 g,E4,P002 IBC08,"B2, B4",T3,TP33,243
1677,,6.1,,II,,500 g,E4,P002 IBC08,"B2, B4",T3,TP33,243
1678,,6.1,,II,,500 g,E4,P002 IBC08,"B2, B4",T3,TP33,243
1679,,6.1,,II,,500 g,E4,P002 IBC08,"B2, B4",T3,TP33,243
1680,,6.1,,I,,0,E5,P002 IBC07,B1,T6,TP33,243
1683,,6.1,,II,,500 g,E4,P002 IBC08,"B2, B4",T3,TP33,243
1684,,6.1,,II,,500 g,E4,P002 IBC08,"B2, B4",T3,TP33,243
1685,,6.1,,II,,500 g,E4,P002 IBC08,"B2, B4",T3,TP33,243
1686,,6.1,,II,43,100 ml,E4,P001 IBC02,,T7,TP2,243
1686,,6.1,,III,43 223,5 L,E1,P001 IBC03 LP01,,T4,TP2,243
1687,,6.1,,II,,500 g,E4,P002 IBC08,"B2, B4",,,243
1688,(),6.1,,II,,500 g,E4,P002 IBC08,"B2, B4",T3,TP33,243
1689,,6.1,,I,,0,E5,P002 IBC07,B1,T6,TP33,244
1690,,6.1,,III,,5 kg,E1,P002 IBC08 LP02,B3,T1,TP33,244
1691,,6.1,,II,,500 g,E4,P002 IBC08,"B2, B4",T3,TP33,244
1692,,6.1,,I,,0,E5,P002 IBC07,B1,T6,TP33,244
1693,,6.1,,I,274,0,E0,P001,,,,244
1693,,6.1,,II,274,0,E0,P001 IBC02,,,,244
1694,,6.1,,I,138,0,E0,P001,,T14,TP2 TP13,244
1695,,6.1,3 8,I,354,0,E0,P602,,T20,TP2 TP13,244
1697,,6.1,,II,,0,E0,P002 IBC08,"B2, B4",T3,TP33,244
1698,,6.1,,I,,0,E0,P002,,T6,TP33,244
1699,,6.1,,I,,0,E0,P001,,,,244
1700,,6.1,4.1,,,0,E0,P600,,,,244
1701,(),6.1,,II,,0,E0,P001 IBC02,,T7,TP2 TP13,244
1702,"1,1,2,2-",6.1,,II,,100 ml,E4,P001 IBC02,,T7,TP2,244
1704,,6.1,,II,43,100 ml,E4,P001 IBC02,,T7,TP2,244
1707,,6.1,,II,43 274,500 g,E4,P002 IBC08,"B2, B4",T3,TP33,244
1708,,6.1,,II,279,100 ml,E4,P001 IBC02,,T7,TP2,244
1709,"2,4-",6.1,,III,,5 kg,E1,P002 IBC08 LP02,B3,T1,TP33,244
1710,,6.1,,III,,5 L,E1,P001 IBC03 LP01,,T4,TP1,244
1711,,6.1,,II,,100 ml,E4,P001 IBC02,,T7,TP2,244
1712,,6.1,,II,,500 g,E4,P002 IBC08,"B2, B4",T3,TP33,244
1713,,6.1,,I,,0,E5,P002 IBC07,B1,T6,TP33,244
1714,,4.3,6.1,I,,0,E0,P403,,,,244
1715,,8,3,II,,1 L,E2,P001 IBC02,,T7,TP2,244
1716,,8,,II,,1 L,E2,P001 IBC02,,T8,TP2,244
1717,,3,8,II,,1 L,E2,P001 IBC02,,T8,TP2,244
1718,,8,,III,,5 L,E1,P001 IBC03 LP01,,T4,TP1,245
1719,,8,,II,274,1 L,E2,P001 IBC02,,T11,TP2 TP27,245
1719,,8,,III,223 274,5 L,E1,P001 IBC03,,T7,TP1 TP28,245
1722,,6.1,3 8,I,,0,E0,P001,,T14,TP2 TP13,245
1723,,3,8,II,,1 L,E2,P001 IBC02,,T7,TP2 TP13,245
1724,,8,3,II,386,0,E0,P010,,T10,TP2 TP7 TP13,245
1725,,8,,II,,1 kg,E2,P002 IBC08,"B2, B4",T3,TP33,245
1726,,8,,II,,1 kg,E2,P002 IBC08,"B2, B4",T3,TP33,245
1727,,8,,II,,1 kg,E2,P002 IBC08,"B2, B4",T3,TP33,245
1728,,8,,II,,0,E0,P010,,T10,TP2 TP7 TP13,245
1729,,8,,II,,1 kg,E2,P002 IBC08,"B2, B4",T3,TP33,245
1730,,8,,II,,1 L,E2,P001 IBC02,,T7,TP2,245
1731,,8,,II,,1 L,E2,P001 IBC02,,T7,TP2,245
1731,,8,,III,223,5 L,E1,P001 IBC03 LP01,,T4,TP1,245
1732,,8,6.1,II,,1 L,E0,P001 IBC02,,T7,TP2,245
1733,,8,,II,,1 kg,E2,P002 IBC08,"B2, B4",T3,TP33,245
1736,,8,,II,,1 L,E2,P001 IBC02,,T8,TP2 TP13,245
1737,,6.1,8,II,,0,E4,P001 IBC02,,T8,TP2 TP13,245
1738,,6.1,8,II,,0,E4,P001 IBC02,,T8,TP2 TP13,245
1739,,8,,I,,0,E0,P001,,T10,TP2 TP13,245
1740,,8,,II,,1 kg,E2,P002 IBC08,"B2, B4",T3,TP33,245
1740,,8,,III,223,5 kg,E1,P002 IBC08 LP02,B3,T1,TP33,245
1741,,2.3,8,,,0,E0,P200,,,,245
1742,,8,,II,,1 L,E2,P001 IBC02,,T8,TP2,246
1743,,8,,II,,1 L,E2,P001 IBC02,,T8,TP2,246
1744,,8,6.1,I,,0,E0,P804,,T22,TP2 TP10 TP13,246
1745,,5.1,6.1 8,I,,0,E0,P200,,T22,TP2 TP13,246
1746,,5.1,6.1 8,I,,0,E0,P200,,T22,TP2 TP13,246
1747,,8,3,II,,0,E0,P010,,T10,TP2 TP7 TP13,246
1748,39% (8.8%),5.1,,II,314,1 kg,E2,P002 IBC08,"PP85 B2, B4, B13",,,246
1748,39% (8.8%),5.1,,III,316,5 kg,E1,P002 IBC08,"PP85 B4, B13",,,246
1749,,2.3,5.1 8,,,0,E0,P200,,,,246
1750,,6.1,8,II,,100 ml,E4,P001 IBC02,,T7,TP2,246
1751,,6.1,8,II,,500 g,E4,P002 IBC08,"B2, B4",T3,TP33,246
1752,,6.1,8,I,354,0,E0,P602,,T20,TP2 TP13,246
1753,,8,,II,,0,E0,P010,,T10,TP2 TP7,246
1754,(),8,,I,,0,E0,P001,,T20,TP2,246
1755,,8,,II,,1 L,E2,P001 IBC02,,T8,TP2,246
1755,,8,,III,223,5 L,E1,P001 IBC03 LP01,,T4,TP1,246
1756,,8,,II,,1 kg,E2,P002 IBC08,"B2, B4",T3,TP33,246
1757,,8,,II,,1 L,E2,P001 IBC02,,T7,TP2,246
1757,,8,,III,223,5 L,E1,P001 IBC03 LP01,,T4,TP1,246
1758,,8,,I,,0,E0,P001,,T10,TP2,246
1759,,8,,I,274,0,E0,P002 IBC07,B1,T6,TP33,246
1759,,8,,II,274,1 kg,E2,P002 IBC08,"B2, B4",T3,TP33,246
1759,,8,,III,223 274,5 kg,E1,P002 IBC08 LP02,B3,T1,TP33,247
1760,,8,,I,274,0,E0,P001,,T14,TP2 TP27,247
1760,,8,,II,274,1 L,E2,P001 IBC02,,T11,TP2 TP27,247
1760,,8,,III,223 274,5 L,E1,P001 IBC03 LP01,,T7,TP1 TP28,247
1761,,8,6.1,II,,1 L,E2,P001 IBC02,,T7,TP2,247
1761,,8,6.1,III,223,5 L,E1,P001 IBC03,,T7,TP1 TP28,247
1762,,8,,II,,0,E0,P010,,T10,TP2 TP7 TP13,247
1763,,8,,II,,0,E0,P010,,T10,TP2 TP7 TP13,247
1764,,8,,II,,1 L,E2,P001 IBC02,,T8,TP2,247
1765,,8,,II,,1 L,E2,P001 IBC02,,T7,TP2,247
1766,,8,,II,,0,E0,P010,,T10,TP2 TP7 TP13,247
1767,,8,3,II,,0,E0,P010,,T10,TP2 TP7 TP13,247
1768,,8,,II,,1 L,E2,P001 IBC02,,T8,TP2,247
1769,,8,,II,,0,E0,P010,,T10,TP2 TP7 TP13,247
1770,,8,,II,,1 kg,E2,P002 IBC08,"B2, B4",T3,TP33,247
1771,,8,,II,,0,E0,P010,,T10,TP2 TP7 TP13,247
1773,,8,,III,,5 kg,E1,P002 IBC08 LP02,B3,T1,TP33,247
1774,,8,,II,,1 L,E0,P001,PP4,,,247
1775,,8,,II,,1 L,E2,P001 IBC02,,T7,TP2,247
1776,,8,,II,,1 L,E2,P001 IBC02,,T8,TP2,247
1777,,8,,I,,0,E0,P001,,T10,TP2,247
1778,,8,,II,,1 L,E2,P001 IBC02,,T8,TP2,247
1779,85%,8,3,II,,1 L,E2,P001 IBC02,,T7,TP2,248
1780,(),8,,II,,1 L,E2,P001 IBC02,,T7,TP2,248
1781,,8,,II,,0,E0,P010,,T10,TP2 TP7 TP13,248
1782,(),8,,II,,1 L,E2,P001 IBC02,,T8,TP2,248
1783,,8,,II,,1 L,E2,P001 IBC02,,T7,TP2,248
1783,,8,,III,223,5 L,E1,P001 IBC03 LP01,,T4,TP1,248
1784,,8,,II,,0,E0,P010,,T10,TP2 TP7 TP13,248
1786,,8,6.1,I,,0,E0,P001,,T10,TP2 TP13,248
1787,,8,,II,,1 L,E2,P001 IBC02,,T7,TP2,248
1787,,8,,III,223,5 L,E1,P001 IBC03 LP01,,T4,TP1,248
1788,,8,,II,,1 L,E2,P001 IBC02,,T7,TP2,248
1788,,8,,III,223,5 L,E1,P001 IBC03 LP01,,T4,TP1,248
1789,,8,,II,,1 L,E2,P001 IBC02,,T8,TP2,248
1789,,8,,III,223,5 L,E1,P001 IBC03 LP01,,T4,TP1,248
1790,60%,8,6.1,I,,0,E0,P802,PP79 PP81,T10,TP2 TP13,248
1790,60%,8,6.1,II,,1 L,E2,P001 IBC02,,T8,TP2,248
1791,,8,,II,,1 L,E2,P001 IBC02,PP10 B5,T7,TP2 TP24,248
1791,,8,,III,223,5 L,E1,P001 IBC03 LP01,,T4,TP2 TP24,248
1792,,8,,II,,1 kg,E0,P002 IBC08,"B2, B4",T7,TP2,248
1793,,8,,III,,5 L,E1,P001 IBC02 LP01,,T4,TP1,248
1794,3%,8,,II,,1 kg,E2,P002 IBC08,"B2, B4",T3,TP33,248
1796,50%,8,5.1,I,,0,E0,P001,,T10,TP2 TP13,249
1796,50%,8,,II,,1 L,E0,P001 IBC02,,T8,TP2 TP13,249
1798,,8,,I,,0,E0,P802,,T10,TP2 TP13,249
1799,,8,,II,,0,E0,P010,,T10,TP2 TP7 TP13,249
1800,,8,,II,,0,E0,P010,,T10,TP2 TP7 TP13,249
1801,,8,,II,,0,E0,P010,,T10,TP2 TP7 TP13,249
1802,50%,8,5.1,II,,1 L,E0,P001 IBC02,,T7,TP2,249
1803,,8,,II,,1 L,E2,P001 IBC02,,T7,TP2,249
1804,,8,,II,,0,E0,P010,,T10,TP2 TP7 TP13,249
1805,,8,,III,223,5 L,E1,P001 IBC03 LP01,,T4,TP1,249
1806,,8,,II,,1 kg,E0,P002 IBC08,"B2, B4",T3,TP33,249
1807,,8,,II,,1 kg,E2,P002 IBC08,"B2, B4",T3,TP33,249
1808,,8,,II,,1 L,E0,P001 IBC02,,T7,TP2,249
1809,,6.1,8,I,354,0,E0,P602,,T20,TP2 TP13,249
1810,(),6.1,8,I,354,0,E0,P602,,T20,TP2 TP13,249
1811,,8,6.1,II,,1 kg,E2,P002 IBC08,"B2, B4",T3,TP33,249
1812,,6.1,,III,,5 kg,E1,P002 IBC08 LP02,B3,T1,TP33,249
1813,,8,,II,,1 kg,E2,P002 IBC08,"B2, B4",T3,TP33,249
1814,,8,,II,,1 L,E2,P001 IBC02,,T7,TP2,249
1814,,8,,III,223,5 L,E1,P001 IBC03 LP01,,T4,TP1,249
1815,,3,8,II,,1 L,E2,P001 IBC02,,T7,TP1,249
1816,,8,3,II,,0,E0,P010,,T10,TP2 TP7 TP13,250
1817,,8,,II,,1 L,E2,P001 IBC02,,T8,TP2,250
1818,,8,,II,,0,E0,P010,,T10,TP2 TP7 TP13,250
1819,,8,,II,,1 L,E2,P001 IBC02,,T7,TP2,250
1819,,8,,III,223,5 L,E1,P001 IBC03 LP01,,T4,TP1,250
1823,,8,,II,,1 kg,E2,P002 IBC08,"B2, B4",T3,TP33,250
1824,,8,,II,,1 L,E2,P001 IBC02,,T7,TP2,250
1824,,8,,III,223,5 L,E1,P001 IBC03 LP01,,T4,TP1,250
1825,,8,,II,,1 kg,E2,P002 IBC08,"B2, B4",T3,TP33,250
1826,50%,8,5.1,I,113,0,E0,P001,,T10,TP2 TP13,250
1826,50%,8,,II,113,1 L,E0,P001 IBC02,,T8,TP2,250
1827,,8,,II,,1 L,E2,P001 IBC02,,T7,TP2,250
1828,,8,,I,,0,E0,P602,,T20,TP2,250
1829,,8,,I,386,0,E0,P001,,T20,TP4 TP13 TP25 TP26,250
1830,51%,8,,II,,1 L,E2,P001 IBC02,,T8,TP2,250
1831,,8,6.1,I,,0,E0,P602,,T20,TP2 TP13,250
1832,,8,,II,113,1 L,E0,P001 IBC02,,T8,TP2,250
1833,,8,,II,,1 L,E2,P001 IBC02,,T7,TP2,250
1834,,6.1,8,I,354,0,E0,P602,,T20,TP2 TP13,250
1835,2.5% 25%,8,6.1,II,279 408 409,1 L,E2,P001 IBC02,,T7,TP2,250
1835,2.5%,8,,III,223 408 409,5 L,E1,P001 IBC03 LP01,,T7,TP2,250
1836,,8,,I,,0,E0,P802,,T10,TP2 TP13,251
1837,,8,,II,,1 L,E0,P001 IBC02,,T7,TP2,251
1838,,6.1,8,I,354,0,E0,P602,,T20,TP2 TP13,251
1839,,8,,II,,1 kg,E2,P002 IBC08,"B2, B4",T3,TP33,251
1840,,8,,III,223,5 L,E1,P001 IBC03 LP01,,T4,TP1,251
1841,,9,,III,,5 kg,E1,P002 IBC08 LP02,"B3, B6",T1,TP33,251
1843,,6.1,,II,,500 g,E4,P002 IBC08,"B2, B4",T3,TP33,251
1845,(),9,,,,0,E0,P003,PP18,,,251
1846,,6.1,,II,,100 ml,E4,P001 IBC02,,T7,TP2,251
1847,30%,8,,II,,1 kg,E2,P002 IBC08,"B2, B4",T3,TP33,251
1848,10%-90%,8,,III,,5 L,E1,P001 IBC03 LP01,,T4,TP1,251
1849,30%,8,,II,,1 kg,E2,P002 IBC08,"B2, B4",T3,TP33,251
1851,,6.1,,II,221,100 ml,E4,P001,,,,251
1851,,6.1,,III,221 223,5 L,E1,P001,,,,251
1854,,4.2,,I,,0,E0,P404,,T21,TP7 TP33,251
1855,,4.2,,I,,0,E0,P404,,,,251
1856,,4.2,,,29 123,0,E0,P003 IBC08,PP19 B6,,,251
1857,,4.2,,III,123,0,E1,P410,,,,251
1858,(R 1216),2.2,,,,120 ml,E1,P200,,T50,,251
1859,,2.3,8,,,0,E0,P200,,,,251
1860,,2.1,,,386,0,E0,P200,,,,251
1862,,3,,II,,1 L,E2,P001 IBC02,,T4,TP2,251
1863,,3,,I,,500 ml,E3,P001,,T11,TP1 TP8 TP28,251
1863,,3,,II,,1 L,E2,P001 IBC02,,T4,TP1 TP8,251
1863,,3,,III,223,5 L,E1,P001 IBC03 LP01,,T2,TP1,251
1865,,3,,II,26,1 L,E2,P001 IBC02,B7,,,252
1866,,3,,I,,500 ml,E3,P001,,T11,TP1 TP8 TP28,252
1866,,3,,II,,5 L,E2,P001 IBC02,PP1,T4,TP1 TP8,252
1866,,3,,III,223,5 L,E1,P001 IBC03 LP01,PP1,T2,TP1,252
1868,(),4.1,6.1,II,,1 kg,E0,P002 IBC06,B2,T3,TP33,252
1869,50%,4.1,,III,59,5 kg,E1,P002 IBC08 LP02,B3,T1,TP33,252
1870,,4.3,,I,,0,E0,P403,,,,252
1871,,4.1,,II,,1 kg,E2,P410 IBC04,PP40,T3,TP33,252
1872,,5.1,,III,,5 kg,E1,P002 IBC08 LP02,B3,T1,TP33,252
1873,50%- 72%,5.1,8,I,60,0,E0,P502,PP28,T10,TP1,252
1884,,6.1,,III,,5 kg,E1,P002 IBC08 LP02,B3,T1,TP33,252
1885,,6.1,,II,,500 g,E4,P002 IBC08,"B2, B4",T3,TP33,252
1886,,6.1,,II,,100 ml,E4,P001 IBC02,,T7,TP2,252
1887,,6.1,,III,,5 L,E1,P001 IBC03 LP01,,T4,TP1,252
1888,(),6.1,,III,,5 L,E1,P001 IBC03 LP01,,T7,TP2,252
1889,,6.1,8,I,,0,E0,P002,,T6,TP33,252
1891,,3,6.1,II,,1 L,E2,P001 IBC02,B8,T7,TP2 TP13,252
1892,,6.1,,I,354,0,E0,P602,,T20,TP2 TP13,252
1894,,6.1,,II,,500 g,E4,P002 IBC08,"B2, B4",T3,TP33,252
1895,,6.1,,II,,500 g,E4,P002 IBC08,"B2, B4",T3,TP33,252
1897,,6.1,,III,,5 L,E1,P001 IBC03 LP01,,T4,TP1,252
1898,,8,,II,,1 L,E2,P001 IBC02,,T7,TP2 TP13,252
1902,,8,,III,,5 L,E1,P001 IBC03 LP01,,T4,TP1,253
1903,,8,,I,274,0,E0,P001,,,,253
1903,,8,,II,274,1 L,E2,P001 IBC02,,,,253
1903,,8,,III,223 274,5 L,E1,P001 IBC03 LP01,,,,253
1905,,8,,I,,0,E0,P002 IBC07,B1,T6,TP33,253
1906,,8,,II,,1 L,E0,P001 IBC02,,T8,TP2 TP28,253
1907,4%,8,,III,62,5 kg,E1,P002 IBC08 LP02,B3,T1,TP33,253
1908,,8,,II,,1 L,E2,P001 IBC02,,T7,TP2 TP24,253
1908,,8,,III,223,5 L,E1,P001 IBC03 LP01,,T4,TP2 TP24,253
1910,,8,,III,106,5 kg,E1,P002 IBC08 LP02,B3,T1,TP33,253
1911,,2.3,2.1,,,0,E0,P200,,,,253
1912,,2.1,,,228,0,E0,P200,,T50,,253
1913,,2.2,,,,120 ml,E1,P203,,T75,TP5,253
1914,,3,,III,,5 L,E1,P001 IBC03 LP01,,T2,TP1,253
1915,,3,,III,,5 L,E1,P001 IBC03 LP01,,T2,TP1,253
1916,"2,2’-",6.1,3,II,,100 ml,E4,P001 IBC02,,T7,TP2,253
1917,,3,,II,386,1 L,E2,P001 IBC02,,T4,TP1 TP13,253
1918,,3,,III,,5 L,E1,P001 IBC03 LP01,,T2,TP1,253
1919,,3,,II,386,1 L,E2,P001 IBC02,,T4,TP1 TP13,253
1920,,3,,III,,5 L,E1,P001 IBC03 LP01,,T2,TP1,253
1921,,3,6.1,I,386,0,E0,P001,,T14,TP2 TP13,253
1922,,3,8,II,,1 L,E2,P001 IBC02,,T7,TP1,253
1923,(),4.2,,II,,0,E2,P410 IBC06,B2,T3,TP33,254
1928,,4.3,3,I,,0,E0,P402,,,,254
1929,(),4.2,,II,,0,E2,P410 IBC06,B2,T3,TP33,254
1931,(),9,,III,,5 kg,E1,P002 IBC08 LP02,B3,T1,TP33,254
1932,,4.2,,III,223,0,E0,P002 IBC08 LP02,B3,T1,TP33,254
1935,,6.1,,I,274,0,E5,P001,,T14,TP2 TP13 TP27,254
1935,,6.1,,II,274,100 ml,E4,P001 IBC02,,T11,TP2 TP13 TP27,254
1935,,6.1,,III,223 274,5 L,E1,P001 IBC03 LP01,,T7,TP2 TP13 TP28,254
1938,,8,,II,,1 L,E2,P001 IBC02,,T7,TP2,254
1938,,8,,III,223,5 L,E1,P001 IBC03 LP01,,T7,TP2,254
1939,,8,,II,,1 kg,E0,P002 IBC08,"B2, B4",T3,TP33,254
1940,,8,,II,,1 L,E2,P001 IBC02,,T7,TP2,254
1941,,9,,III,,5 L,E1,P001 LP01,,T11,TP2,254
1942,0.2%,5.1,,III,306,5 kg,E1,P002 IBC08 LP02,B3,T1 BK1 BK2 BK3,TP33,254
1944,( ),4.1,,III,293 294,5 kg,E1,P407,,,,254
1945,( ),4.1,,III,293 294,5 kg,E1,P407,,,,254
1950,,2,,,63 190 277 327 344 381,SP 277,E0,P207 LP200,PP87 L2,,,254
1951,,2.2,,,,120 ml,E1,P203,,T75,TP5,254
1952,9%,2.2,,,392,120 ml,E1,P200,,,,254
1953,,2.3,2.1,,274,0,E0,P200,,,,254
1954,,2.1,,,274 392,0,E0,P200,,,,255
1955,,2.3,,,274,0,E0,P200,,,,255
1956,,2.2,,,274 378 392,120 ml,E1,P200,,,,255
1957,(),2.1,,,,0,E0,P200,,,,255
1958,"1,2--1,1,2,2-( R 114)",2.2,,,,120 ml,E1,P200,,T50,,255
1959,"1,1-( R 1132a)",2.1,,,,0,E0,P200,,,,255
1961,,2.1,,,,0,E0,P203,,T75,TP5,255
1962,,2.1,,,,0,E0,P200,,,,255
1963,,2.2,,,,120 ml,E1,P203,,T75,TP5 TP34,255
1964,,2.1,,,274,0,E0,P200,,,,255
1965,,2.1,,,274 392,0,E0,P200,,T50,,255
1966,,2.1,,,,0,E0,P203,,T75,TP5 TP34,255
1967,,2.3,,,274,0,E0,P200,,,,255
1968,,2.2,,,274,120 ml,E1,P200,,,,255
1969,,2.1,,,392,0,E0,P200,,T50,,255
1970,,2.2,,,,120 ml,E1,P203,,T75,TP5,255
1971,,2.1,,,392,0,E0,P200,,,,255
1972,,2.1,,,,0,E0,P203,,T75,TP5,255
1973,49%(R 502),2.2,,,,120 ml,E1,P200,,T50,,255
1974,( R 12B1),2.2,,,,120 ml,E1,P200,,T50,,255
1975,( ),2.3,5.1 8,,,0,E0,P200,,,,255
1976,(RC 318),2.2,,,,120 ml,E1,P200,,T50,,255
1977,,2.2,,,345 346,120 ml,E1,P203,,T75,TP5,255
1978,,2.1,,,392,0,E0,P200,,T50,,255
1982,(R 14),2.2,,,,120 ml,E1,P200,,,,255
1983,"1--2,2,2-( R 133a)",2.2,,,,120 ml,E1,P200,,T50,,255
1984,(R 23),2.2,,,,120 ml,E1,P200,,,,256
1986,,3,6.1,I,274,0,E0,P001,,T14,TP2 TP13 TP27,256
1986,,3,6.1,II,274,1 L,E2,P001 IBC02,,T11,TP2 TP27,256
1986,,3,6.1,III,223 274,5 L,E1,P001 IBC03,,T7,TP1 TP28,256
1987,,3,,II,274,1 L,E2,P001 IBC02,,T7,TP1 TP8 TP28,256
1987,,3,,III,223 274,5 L,E1,P001 IBC03 LP01,,T4,TP1 TP29,256
1988,,3,6.1,I,274,0,E0,P001,,T14,TP2 TP13 TP27,256
1988,,3,6.1,II,274,1 L,E2,P001 IBC02,,T11,TP2 TP27,256
1988,,3,6.1,III,223 274,5 L,E1,P001 IBC03,,T7,TP1 TP28,256
1989,,3,,I,274,0,E3,P001,,T11,TP1 TP27,256
1989,,3,,II,274,1 L,E2,P001 IBC02,,T7,TP1 TP8 TP28,256
1989,,3,,III,223 274,5 L,E1,P001 IBC03 LP01,,T4,TP1 TP29,256
1990,,9,,III,,5 L,E1,P001 IBC03 LP01,,T2,TP1,256
1991,,3,6.1,I,386,0,E0,P001,,T14,TP2 TP6 TP13,256
1992,,3,6.1,I,274,0,E0,P001,,T14,TP2 TP13 TP27,256
1992,,3,6.1,II,274,1 L,E2,P001 IBC02,,T7,TP2 TP13,256
1992,,3,6.1,III,223 274,5 L,E1,P001 IBC03,,T7,TP1 TP28,256
1993,,3,,I,274,0,E3,P001,,T11,TP1 TP27,256
1993,,3,,II,274,1 L,E2,P001 IBC02,,T7,TP1 TP8 TP28,256
1993,,3,,III,223 274,5 L,E1,P001 IBC03 LP01,,T4,TP1 TP29,256
1994,,6.1,3,I,354,0,E0,P601,,T22,TP2 TP13,257
1999,,3,,II,,5 L,E2,P001 IBC02,,T3,TP3 TP29,257
1999,,3,,III,223,5 L,E1,P001 IBC03 LP01,,T1,TP3,257
2000,,4.1,,III,223 383,5 kg,E1,P002 LP02,PP7,,,257
2001,,4.1,,III,,5 kg,E1,P002 IBC08 LP02,B3,T1,TP33,257
2002,,4.2,,III,223,0,E0,P002 IBC08 LP02,PP8 B3,,,257
2004,,4.2,,II,,0,E2,P410 IBC06,,T3,TP33,257
2006,,4.2,,III,274,0,E0,P002,,,,257
2008,,4.2,,I,,0,E0,P404,,T21,TP7 TP33,257
2008,,4.2,,II,,0,E2,P410 IBC06,B2,T3,TP33,257
2008,,4.2,,III,223,0,E1,P002 IBC08 LP02,B3,T1,TP33,257
2009,,4.2,,III,223,0,E1,P002 LP02,,,,257
2010,,4.3,,I,,0,E0,P403,,,,257
2011,,4.3,6.1,I,,0,E0,P403,,,,257
2012,,4.3,6.1,I,,0,E0,P403,,,,257
2013,,4.3,6.1,I,,0,E0,P403,,,,257
2014,20%-60%( ),5.1,8,II,,1 L,E2,P504 IBC02,PP10 B5,T7,TP2 TP6 TP24,257
2015,60%,5.1,8,I,,0,E0,P501,,T9,TP2 TP6 TP24,257
2016,,6.1,,,,0,E0,P600,,,,257
2017,,6.1,8,,,0,E0,P600,,,,257
2018,,6.1,,II,,500 g,E4,P002 IBC08,"B2, B4",T3,TP33,257
2019,,6.1,,II,,100 ml,E4,P001 IBC02,,T7,TP2,257
2020,,6.1,,III,205,5 kg,E1,P002 IBC08 LP02,B3,T1,TP33,257
2021,,6.1,,III,,5 L,E1,P001 IBC03 LP01,,T4,TP1,258
2022,(),6.1,8,II,,100 ml,E4,P001 IBC02,,T7,TP2 TP13,258
2023,"3--1,2-()",6.1,3,II,279,100 ml,E4,P001 IBC02,,T7,TP2 TP13,258
2024,,6.1,,I,43 66 274,0,E5,P001,,,,258
2024,,6.1,,II,43 66 274,100 ml,E4,P001 IBC02,,,,258
2024,,6.1,,III,43 66 223 274,5 L,E1,P001 IBC03 LP01,,,,258
2025,,6.1,,I,43 66 274,0,E5,P002 IBC07,B1,T6,TP33,258
2025,,6.1,,II,43 66 274,500 g,E4,P002 IBC08,"B2, B4",T3,TP33,258
2025,,6.1,,III,43 66 223 274,5 kg,E1,P002 IBC08 LP02,B3,T1,TP33,258
2026,,6.1,,I,43 274,0,E5,P002 IBC07,B1,T6,TP33,258
2026,,6.1,,II,43 274,500 g,E4,P002 IBC08,"B2, B4",T3,TP33,258
2026,,6.1,,III,43 223 274,5 kg,E1,P002 IBC08 LP02,B3,T1,TP33,258
2027,,6.1,,II,43,500 g,E4,P002 IBC08,"B2, B4",T3,TP33,258
2028,,8,,,,0,E0,P803,,,,258
2029,,8,3 6.1,I,,0,E0,P001,,,,258
2030,37%,8,6.1,I,,0,E0,P001,,T10,TP2 TP13,258
2030,37%,8,6.1,II,,1 L,E0,P001 IBC02,,T7,TP2 TP13,258
2030,37%,8,6.1,III,,5 L,E1,P001 IBC03 LP01,,T4,TP1,258
2031,70%,8,5.1,I,,0,E0,P001,PP81,T10,TP2 TP13,258
2031,65%70%,8,5.1,II,,1 L,E2,P001 IBC02,PP81 B15,T8,TP2,258
2031,65%,8,,II,,1 L,E2,P001 IBC02,PP81 B15,T8,TP2,259
2032,,8,5.1 6.1,I,,0,E0,P602,PP81,T20,TP2 TP13,259
2033,,8,,II,,1 kg,E2,P002 IBC08,"B2, B4",T3,TP33,259
2034,,2.1,,,,0,E0,P200,,,,259
2035,"1,1,1-( R 143a)",2.1,,,,0,E0,P200,,T50,,259
2036,,2.2,,,378 392,120 ml,E1,P200,,,,259
2037,( ),2,,,191 277 303 327 344,SP 277,E0,P003 LP200,"PP17, PP96 L2",,,259
2038,,6.1,,II,,100 ml,E4,P001 IBC02,,T7,TP2,259
2044,"2,2-",2.1,,,,0,E0,P200,,,,259
2045,,3,,II,,1 L,E2,P001 IBC02,,T4,TP1,259
2046,,3,,III,,5 L,E1,P001 IBC03 LP01,,T2,TP1,259
2047,,3,,II,,1 L,E2,P001 IBC02,,T4,TP1,259
2047,,3,,III,223,5 L,E1,P001 IBC03 LP01,,T2,TP1,259
2048,(),3,,III,,5 L,E1,P001 IBC03 LP01,,T2,TP1,259
2049,,3,,III,,5 L,E1,P001 IBC03 LP01,,T2,TP1,259
2050,,3,,II,,1 L,E2,P001 IBC02,,T4,TP1,259
2051,2-,8,3,II,,1 L,E2,P001 IBC02,,T7,TP2,259
2052,,3,,III,,5 L,E1,P001 IBC03 LP01,,T2,TP1,259
2053,,3,,III,,5 L,E1,P001 IBC03 LP01,,T2,TP1,259
2054,,8,3,I,,0,E0,P001,,T10,TP2,259
2055,,3,,III,386,5 L,E1,P001 IBC03 LP01,,T2,TP1,259
2056,,3,,II,,1 L,E2,P001 IBC02,,T4,TP1,259
2057,,3,,II,,1 L,E2,P001 IBC02,,T4,TP1,260
2057,,3,,III,223,5 L,E1,P001 IBC03 LP01,,T2,TP1,260
2058,,3,,II,,1 L,E2,P001 IBC02,,T4,TP1,260
2059,12.6% 55%,3,,I,28 198,0,E0,P001,,T11,TP1 TP8 TP27,260
2059,12.6% 55%,3,,II,28 198,1 L,E0,P001 IBC02,,T4,TP1 TP8,260
2059,12.6% 55%,3,,III,28 198 223,5 L,E0,P001 IBC03 LP01,,T2,TP1,260
2067,,5.1,,III,306 307,5 kg,E1,P002 IBC08 LP02,B3,T1 BK1 BK2 BK3,TP33,260
2071,,9,,III,193,5 kg,E1,P002 IBC08 LP02,B3,BK2,,260
2073,15 0.880 35% - 50%,2.2,,,,120 ml,E0,P200,,,,260
2074,,6.1,,III,,5 kg,E1,P002 IBC08 LP02,B3,T1,TP33,260
2075,,6.1,,II,,100 ml,E4,P001 IBC02,,T7,TP2,260
2076,,6.1,8,II,,100 ml,E4,P001 IBC02,,T7,TP2,260
2077,-,6.1,,III,,5 kg,E1,P002 IBC08 LP02,B3,T1,TP33,260
2078,,6.1,,II,279,100 ml,E4,P001 IBC02,,T7,TP2 TP13,260
2079,,8,,II,,1 L,E2,P001 IBC02,,T7,TP2,260
2186,,2.3,8,,,0,E0,P099,,,,260
2187,,2.2,,,,120 ml,E1,P203,,T75,TP5,260
2188,,2.3,2.1,,,0,E0,P200,,,,260
2189,,2.3,2.1 8,,,0,E0,P200,,,,260
2190,,2.3,5.1 8,,,0,E0,P200,,,,260
2191,,2.3,,,,0,E0,P200,,,,260
2192,,2.3,2.1,,,0,E0,P200,,,,260
2193,(R 116),2.2,,,,120 ml,E1,P200,,,,261
2194,,2.3,8,,,0,E0,P200,,,,261
2195,,2.3,8,,,0,E0,P200,,,,261
2196,,2.3,8,,,0,E0,P200,,,,261
2197,,2.3,8,,,0,E0,P200,,,,261
2198,,2.3,8,,,0,E0,P200,,,,261
2199,(),2.3,2.1,,,0,E0,P200,,,,261
2200,,2.1,,,386,0,E0,P200,,,,261
2201,,2.2,5.1,,,0,E0,P203,,T75,TP5 TP22,261
2202,,2.3,2.1,,,0,E0,P200,,,,261
2203,,2.1,,,,0,E0,P200,,,,261
2204,,2.3,2.1,,,0,E0,P200,,,,261
2205,,6.1,,III,,5 L,E1,P001 IBC03 LP01,,T3,TP1,261
2206,() (),6.1,,II,274,100 ml,E4,P001 IBC02,,T11,TP2 TP13 TP27,261
2206,() (),6.1,,III,223 274,5 L,E1,P001 IBC03 LP01,,T7,TP1 TP13 TP28,261
2208,10% - 39%,5.1,,III,314,5 kg,E1,P002 IBC08 LP02,"PP85 B3, B13 L3",,,261
2209,25%,8,,III,,5 L,E1,P001 IBC03 LP01,,T4,TP1,261
2210,60%,4.2,4.3,III,273,0,E1,P002 IBC06,,T1,TP33,261
2211,,9,,III,382,5 kg,E1,P002 IBC08,"PP14 B3, B6",T1,TP33,261
2212,( ),9,,II,168 274,1 kg,E0,P002 IBC08,"PP37 B2, B4",T3,TP33,261
2213,,4.1,,III,223,5 kg,E1,P002 IBC08 LP02,PP12 B3,T1 BK1 BK2 BK3,TP33,261
2214,0.05%,8,,III,169,5 kg,E1,P002 IBC08 LP02,B3,T1,TP33,261
2215,,8,,III,,5 kg,E1,P002 IBC08,B3,T1,TP33,261
2215,,8,,III,,0,E0,,,T4,TP3,261
2216,(),9,,III,29 123 300 308,0,E1,P900 IBC08,B3,T1 BK2,TP33,261
2217,1.5%11%,4.2,,III,29 142,0,E0,P002 IBC08 LP02,"PP20 B3, B6",BK2,,262
2218,,8,3,II,386,1 L,E2,P001 IBC02,,T7,TP2,262
2219,,3,,III,,5 L,E1,P001 IBC03 LP01,,T2,TP1,262
2222,,3,,III,,5 L,E1,P001 IBC03 LP01,,T2,TP1,262
2224,,6.1,,II,,100 ml,E4,P001 IBC02,,T7,TP2,262
2225,,8,,III,,5 L,E1,P001 IBC03 LP01,,T4,TP1,262
2226,,8,,II,,1 L,E2,P001 IBC02,,T7,TP2,262
2227,,3,,III,386,5 L,E1,P001 IBC03 LP01,,T2,TP1,262
2232,2-,6.1,,I,354,0,E0,P602,,T20,TP2 TP13,262
2233,,6.1,,III,,5 kg,E1,P002 IBC08 LP02,B3,T1,TP33,262
2234,,3,,III,,5 L,E1,P001 IBC03 LP01,,T2,TP1,262
2235,,6.1,,III,,5 L,E1,P001 IBC03 LP01,,T4,TP1,262
2236,3--4-,6.1,,II,,100 ml,E4,P001 IBC02,,,,262
2237,,6.1,,III,,5 kg,E1,P002 IBC08 LP02,B3,T1,TP33,262
2238,,3,,III,,5 L,E1,P001 IBC03 LP01,,T2,TP1,262
2239,,6.1,,III,,5 kg,E1,P002 IBC08 LP02,B3,T1,TP33,262
2240,,8,,I,,0,E0,P001,,T10,TP2 TP13,262
2241,,3,,II,,1 L,E2,P001 IBC02,,T4,TP1,262
2242,,3,,II,,1 L,E2,P001 IBC02,,T4,TP1,262
2243,,3,,III,,5 L,E1,P001 IBC03 LP01,,T2,TP1,263
2244,,3,,III,,5 L,E1,P001 IBC03 LP01,,T2,TP1,263
2245,,3,,III,,5 L,E1,P001 IBC03 LP01,,T2,TP1,263
2246,,3,,II,,1 L,E2,P001 IBC02,B8,T7,TP2,263
2247,,3,,III,,5 L,E1,P001 IBC03 LP01,,T2,TP1,263
2248,,8,3,II,,1 L,E2,P001 IBC02,,T7,TP2,263
2249,,6.1,3,I,,0,E0,P099,,,,263
2250,,6.1,,II,,500 g,E4,P002 IBC08,"B2, B4",T3,TP33,263
2251,"[2.2.1]--2,5- (2,5- )",3,,II,386,1 L,E2,P001 IBC02,,T7,TP2,263
2252,"1,2-",3,,II,,1 L,E2,P001 IBC02,,T4,TP1,263
2253,NN-,6.1,,II,,100 ml,E4,P001 IBC02,,T7,TP2,263
2254,,4.1,,III,293,5 kg,E0,P407,,,,263
2256,,3,,II,,1 L,E2,P001 IBC02,,T4,TP1,263
2257,,4.3,,I,,0,E0,P403 IBC04,B1,T9,TP7 TP33,263
2258,"(1,2-)",8,3,II,,1 L,E2,P001 IBC02,,T7,TP2,263
2259,,8,,II,,1 L,E2,P001 IBC02,,T7,TP2,263
2260,,3,8,III,,5 L,E1,P001 IBC03,,T4,TP1,263
2261,,6.1,,II,,500 g,E4,P002 IBC08,"B2, B4",T3,TP33,263
2262,,8,,II,,1 L,E2,P001 IBC02,,T7,TP2,263
2263,,3,,II,,1 L,E2,P001 IBC02,,T4,TP1,263
2264,NN-,8,3,II,,1 L,E2,P001 IBC02,,T7,TP2,263
2265,NN-,3,,III,,5 L,E1,P001 IBC03 LP01,,T2,TP2,263
2266,N-,3,8,II,,1 L,E2,P001 IBC02,,T7,TP2 TP13,263
2267,,6.1,8,II,,100 ml,E4,P001 IBC02,,T7,TP2,264
2269,"3,3’- ()",8,,III,,5 L,E1,P001 IBC03 LP01,,T4,TP2,264
2270,50%-70%,3,8,II,,1 L,E2,P001 IBC02,,T7,TP1,264
2271,(),3,,III,,5 L,E1,P001 IBC03 LP01,,T2,TP1,264
2272,N-,6.1,,III,,5 L,E1,P001 IBC03 LP01,,T4,TP1,264
2273,2-,6.1,,III,,5 L,E1,P001 IBC03 LP01,,T4,TP1,264
2274,N--N-,6.1,,III,,5 L,E1,P001 IBC03 LP01,,T4,TP1,264
2275,2-,3,,III,,5 L,E1,P001 IBC03 LP01,,T2,TP1,264
2276,2-,3,8,III,,5 L,E1,P001 IBC03,,T4,TP1,264
2277,,3,,II,386,1 L,E2,P001 IBC02,,T4,TP1,264
2278,,3,,II,,1 L,E2,P001 IBC02,,T4,TP1,264
2279,,6.1,,III,,5 L,E1,P001 IBC03 LP01,,T4,TP1,264
2280,(),8,,III,,5 kg,E1,P002 IBC08 LP02,B3,T1,TP33,264
2281,"1,6- ()",6.1,,II,,100 ml,E4,P001 IBC02,,T7,TP2 TP13,264
2282,,3,,III,,5 L,E1,P001 IBC03 LP01,,T2,TP1,264
2283,,3,,III,386,5 L,E1,P001 IBC03 LP01,,T2,TP1,264
2284,,3,6.1,II,,1 L,E2,P001 IBC02,,T7,TP2 TP13,264
2285,,6.1,3,II,,100 ml,E4,P001 IBC02,,T7,TP2,264
2286,,3,,III,,5 L,E1,P001 IBC03 LP01,,T2,TP1,264
2287,,3,,II,,1 L,E2,P001 IBC02,,T4,TP1,264
2288,,3,,II,,1 L,E2,P001 IBC02,B8,T11,TP1,265
2289,,8,,III,,5 L,E1,P001 IBC03 LP01,,T4,TP1,265
2290,,6.1,,III,,5 L,E1,P001 IBC03 LP01,,T4,TP2,265
2291,,6.1,,III,199 274,5 kg,E1,P002 IBC08 LP02,B3,T1,TP33,265
2293,4--4--2-,3,,III,,5 L,E1,P001 IBC03 LP01,,T2,TP1,265
2294,N-,6.1,,III,,5 L,E1,P001 IBC03 LP01,,T4,TP1,265
2295,,6.1,3,I,,0,E0,P001,,T14,TP2 TP13,265
2296,,3,,II,,1 L,E2,P001 IBC02,,T4,TP1,265
2297,,3,,III,,5 L,E1,P001 IBC03 LP01,,T2,TP1,265
2298,,3,,II,,1 L,E2,P001 IBC02,,T4,TP1,265
2299,,6.1,,III,,5 L,E1,P001 IBC03 LP01,,T4,TP1,265
2300,2--5-,6.1,,III,,5 L,E1,P001 IBC03 LP01,,T4,TP1,265
2301,2-,3,,II,,1 L,E2,P001 IBC02,,T4,TP1,265
2302,5--2-,3,,III,,5 L,E1,P001 IBC03 LP01,,T2,TP1,265
2303,,3,,III,,5 L,E1,P001 IBC03 LP01,,T2,TP1,265
2304,,4.1,,III,,0,E0,,,T1,TP3,265
2305,,8,,II,,1 kg,E2,P002 IBC08,"B2, B4",T3,TP33,265
2306,,6.1,,II,,100 ml,E4,P001 IBC02,,T7,TP2,265
2307,3--4-,6.1,,II,,100 ml,E4,P001 IBC02,,T7,TP2,265
2308,,8,,II,,1 L,E2,P001 IBC02,,T8,TP2,265
2309,,3,,II,,1 L,E2,P001 IBC02,,T4,TP1,265
2310,"2,4-",3,6.1,III,,5 L,E1,P001 IBC03,,T4,TP1,266
2311,,6.1,,III,279,5 L,E1,P001 IBC03 LP01,,T4,TP1,266
2312,,6.1,,II,,0,E0,,,T7,TP3,266
2313,(),3,,III,,5 L,E1,P001 IBC03 LP01,,T4,TP1,266
2315,,9,,II,305,1 L,E2,P906 IBC02,,T4,TP1,266
2316,,6.1,,I,,0,E5,P002 IBC07,B1,T6,TP33,266
2317,,6.1,,I,,0,E5,P001,,T14,TP2 TP13,266
2318,25%,4.2,,II,,0,E2,P410 IBC06,B2,T3,TP33,266
2319,,3,,III,,5 L,E1,P001 IBC03 LP01,,T4,TP1 TP29,266
2320,,8,,III,,5 L,E1,P001 IBC03 LP01,,T4,TP1,266
2321,,6.1,,III,,5 L,E1,P001 IBC03 LP01,,T4,TP1,266
2322,,6.1,,II,,100 ml,E4,P001 IBC02,,T7,TP2,266
2323,,3,,III,,5 L,E1,P001 IBC03 LP01,,T2,TP1,266
2324,,3,,III,,5 L,E1,P001 IBC03 LP01,,T4,TP1,266
2325,"1,3,5-",3,,III,,5 L,E1,P001 IBC03 LP01,,T2,TP1,266
2326,,8,,III,,5 L,E1,P001 IBC03 LP01,,T4,TP1,266
2327,,8,,III,,5 L,E1,P001 IBC03 LP01,,T4,TP1,266
2328,,6.1,,III,,5 L,E1,P001 IBC03 LP01,,T4,TP2 TP13,266
2329,,3,,III,,5 L,E1,P001 IBC03 LP01,,T2,TP1,266
2330,,3,,III,,5 L,E1,P001 IBC03 LP01,,T2,TP1,267
2331,,8,,III,,5 kg,E1,P002 IBC08 LP02,B3,T1,TP33,267
2332,,3,,III,,5 L,E1,P001 IBC03 LP01,,T4,TP1,267
2333,,3,6.1,II,,1 L,E2,P001 IBC02,,T7,TP1 TP13,267
2334,,6.1,3,I,354,0,E0,P602,,T20,TP2 TP13,267
2335,,3,6.1,II,,1 L,E2,P001 IBC02,,T7,TP1 TP13,267
2336,,3,6.1,I,,0,E0,P001,,T14,TP2 TP13,267
2337,,6.1,3,I,354,0,E0,P602,,T20,TP2 TP13,267
2338,,3,,II,,1 L,E2,P001 IBC02,,T4,TP1,267
2339,2-,3,,II,,1 L,E2,P001 IBC02,,T4,TP1,267
2340,2-,3,,II,,1 L,E2,P001 IBC02,,T4,TP1,267
2341,1--3-,3,,III,,5 L,E1,P001 IBC03 LP01,,T2,TP1,267
2342,,3,,II,,1 L,E2,P001 IBC02,,T4,TP1,267
2343,2-,3,,II,,1 L,E2,P001 IBC02,,T4,TP1,267
2344,,3,,II,,1 L,E2,P001 IBC02,,T4,TP1,267
2344,,3,,III,223,5 L,E1,P001 IBC03 LP01,,T2,TP1,267
2345,3-,3,,II,,1 L,E2,P001 IBC02,,T4,TP1,267
2346,,3,,II,,1 L,E2,P001 IBC02,,T4,TP1,267
2347,,3,,II,,1 L,E2,P001 IBC02,,T4,TP1,267
2348,,3,,III,386,5 L,E1,P001 IBC03 LP01,,T2,TP1,267
2350,(),3,,II,,1 L,E2,P001 IBC02,,T4,TP1,267
2351,,3,,II,,1 L,E2,P001 IBC02,,T4,TP1,268
2351,,3,,III,223,5 L,E1,P001 IBC03 LP01,,T2,TP1,268
2352,,3,,II,386,1 L,E2,P001 IBC02,,T4,TP1,268
2353,,3,8,II,,1 L,E2,P001 IBC02,,T8,TP2 TP13,268
2354,,3,6.1,II,,1 L,E2,P001 IBC02,,T7,TP1 TP13,268
2356,2-,3,,I,,0,E3,P001,,T11,TP2 TP13,268
2357,,8,3,II,,1 L,E2,P001 IBC02,,T7,TP2,268
2358,,3,,II,,1 L,E2,P001 IBC02,,T4,TP1,268
2359,,3,6.1 8,II,,1 L,E2,P001 IBC99,,T7,TP1,268
2360,,3,6.1,II,,1 L,E2,P001 IBC02,,T7,TP1 TP13,268
2361,,3,8,III,,5 L,E1,P001 IBC03,,T4,TP1,268
2362,"1,1-",3,,II,,1 L,E2,P001 IBC02,,T4,TP1,268
2363,,3,,I,,0,E0,P001,,T11,TP2 TP13,268
2364,,3,,III,,5 L,E1,P001 IBC03 LP01,,T2,TP1,268
2366,,3,,III,,5 L,E1,P001 IBC03 LP01,,T2,TP1,268
2367,-,3,,II,,1 L,E2,P001 IBC02,,T4,TP1,268
2368,-,3,,III,,5 L,E1,P001 IBC03 LP01,,T2,TP1,268
2370,1-,3,,II,,1 L,E2,P001 IBC02,,T4,TP1,268
2371,,3,,I,,0,E3,P001,,T11,TP2,268
2372,"1,2--()",3,,II,,1 L,E2,P001 IBC02,,T4,TP1,268
2373,,3,,II,,1 L,E2,P001 IBC02,,T4,TP1,268
2374,"3,3-",3,,II,,1 L,E2,P001 IBC02,,T4,TP1,268
2375,(),3,,II,,1 L,E2,P001 IBC02,,T7,TP1 TP13,268
2376,"2,3-",3,,II,,1 L,E2,P001 IBC02,,T4,TP1,268
2377,"1,1-",3,,II,,1 L,E2,P001 IBC02,,T7,TP1,269
2378,2-,3,6.1,II,,1 L,E2,P001 IBC02,,T7,TP1,269
2379,"1,3-",3,8,II,,1 L,E2,P001 IBC02,,T7,TP1,269
2380,,3,,II,,1 L,E2,P001 IBC02,,T4,TP1,269
2381,,3,6.1,II,354,1 L,E0,P001 IBC02,,T7,TP2 TP13,269
2382,,6.1,3,I,354,0,E0,P602,,T20,TP2 TP13,269
2383,,3,8,II,,1 L,E2,P001 IBC02,,T7,TP1,269
2384,,3,,II,,1 L,E2,P001 IBC02,,T4,TP1,269
2385,,3,,II,,1 L,E2,P001 IBC02,,T4,TP1,269
2386,1-,3,8,II,,1 L,E2,P001 IBC02,,T7,TP1,269
2387,,3,,II,,1 L,E2,P001 IBC02,,T4,TP1,269
2388,,3,,II,,1 L,E2,P001 IBC02,,T4,TP1,269
2389,,3,,I,,0,E3,P001,,T12,TP2 TP13,269
2390,2-,3,,II,,1 L,E2,P001 IBC02,,T4,TP1,269
2391,,3,,II,,1 L,E2,P001 IBC02,,T4,TP1,269
2392,,3,,III,,5 L,E1,P001 IBC03 LP01,,T2,TP1,269
2393,,3,,II,,1 L,E2,P001 IBC02,,T4,TP1,269
2394,,3,,III,,5 L,E1,P001 IBC03 LP01,,T2,TP1,269
2395,,3,8,II,,1 L,E2,P001 IBC02,,T7,TP2,269
2396,,3,6.1,II,386,1 L,E2,P001 IBC02,,T7,TP1 TP13,269
2397,3--2-,3,,II,,1 L,E2,P001 IBC02,,T4,TP1,269
2398,,3,,II,,1 L,E2,P001 IBC02,,T7,TP1,269
2399,1-,3,8,II,,1 L,E2,P001 IBC02,,T7,TP1,269
2400,,3,,II,,1 L,E2,P001 IBC02,,T4,TP1,270
2401,,8,3,I,,0,E0,P001,,T10,TP2,270
2402,,3,,II,,1 L,E2,P001 IBC02,,T4,TP1 TP13,270
2403,,3,,II,,1 L,E2,P001 IBC02,,T4,TP1,270
2404,,3,6.1,II,,1 L,E0,P001 IBC02,,T7,TP1 TP13,270
2405,,3,,III,,5 L,E1,P001 IBC03 LP01,,T2,TP1,270
2406,,3,,II,,1 L,E2,P001 IBC02,,T4,TP1,270
2407,,6.1,3 8,I,354,0,E0,P602,,,,270
2409,,3,,II,,1 L,E2,P001 IBC02,,T4,TP1,270
2410,"1,2,3,6-",3,,II,,1 L,E2,P001 IBC02,,T4,TP1,270
2411,,3,6.1,II,,1 L,E2,P001 IBC02,,T7,TP1 TP13,270
2412,,3,,II,,1 L,E2,P001 IBC02,,T4,TP1,270
2413,,3,,III,,5 L,E1,P001 IBC03 LP01,,T4,TP1,270
2414,,3,,II,,1 L,E2,P001 IBC02,,T4,TP1,270
2416,,3,,II,,1 L,E2,P001 IBC02,,T7,TP1,270
2417,,2.3,8,,,0,E0,P200,,,,270
2418,,2.3,8,,,0,E0,P200,,,,270
2419,,2.1,,,,0,E0,P200,,,,270
2420,,2.3,8,,,0,E0,P200,,,,270
2421,,2.3,5.1 8,,,0,E0,P200,,,,270
2422,-2-(R 1318),2.2,,,,120 ml,E1,P200,,,,270
2424,(R 218),2.2,,,,120 ml,E1,P200,,T50,,270
2426,(),5.1,,,252,0,E0,,,T7,TP1 TP16 TP17,270
2427,,5.1,,II,,1 L,E2,P504 IBC02,,T4,TP1,270
2427,,5.1,,III,223,5 L,E1,P504 IBC02,,T4,TP1,270
2428,,5.1,,II,,1 L,E2,P504 IBC02,,T4,TP1,270
2428,,5.1,,III,223,5 L,E1,P504 IBC02,,T4,TP1,271
2429,,5.1,,II,,1 L,E2,P504 IBC02,,T4,TP1,271
2429,,5.1,,III,223,5 L,E1,P504 IBC02,,T4,TP1,271
2430,(C2-C12),8,,I,,0,E0,P002 IBC07,B1,T6,TP33,271
2430,(C2-C12),8,,II,,1 kg,E2,P002 IBC08,"B2, B4",T3,TP33,271
2430,(C2-C12),8,,III,223,5 kg,E1,P002 IBC08 LP02,B3,T1,TP33,271
2431,,6.1,,III,,5 L,E1,P001 IBC03 LP01,,T4,TP1,271
2432,NN-,6.1,,III,279,5 L,E1,P001 IBC03 LP01,,T4,TP1,271
2433,,6.1,,III,,5 L,E1,P001 IBC03 LP01,,T4,TP1,271
2434,,8,,II,,0,E0,P010,,T10,TP2 TP7 TP13,271
2435,,8,,II,,0,E0,P010,,T10,TP2 TP7 TP13,271
2436,,3,,II,,1 L,E2,P001 IBC02,,T4,TP1,271
2437,,8,,II,,0,E0,P010,,T10,TP2 TP7 TP13,271
2438,,6.1,3 8,I,,0,E0,P001,,T14,TP2 TP13,271
2439,,8,,II,,1 kg,E2,P002 IBC08,"B2, B4",T3,TP33,271
2440,,8,,III,,5 kg,E1,P002 IBC08 LP02,B3,T1,TP33,271
2441,,4.2,8,I,,0,E0,P404,,,,271
2442,,8,,II,,0,E0,P001,,T7,TP2,271
2443,,8,,II,,1 L,E0,P001 IBC02,,T7,TP2,271
2444,,8,,I,,0,E0,P802,,T10,TP2,271
2446,,6.1,,III,,5 kg,E1,P002 IBC08 LP02,B3,T1,TP33,271
2447,,4.2,6.1,I,,0,E0,,,T21,TP3 TP7 TP26,272
2448,,4.1,,III,,0,E0,IBC01,,T1,TP3,272
2451,,2.2,5.1,,,0,E0,P200,,,,272
2452,,2.1,,,386,0,E0,P200,,,,272
2453,(R 161),2.1,,,,0,E0,P200,,,,272
2454,(R 41),2.1,,,,0,E0,P200,,,,272
2455,,2.2,,,,120 ml,E1,P200,,,,272
2456,2-,3,,I,,0,E3,P001,,T11,TP2,272
2457,"2,3-",3,,II,,1 L,E2,P001 IBC02,,T7,TP1,272
2458,,3,,II,,1 L,E2,P001 IBC02,,T4,TP1,272
2459,2--1-,3,,I,,0,E3,P001,,T11,TP2,272
2460,2--2-,3,,II,,1 L,E2,P001 IBC02,B8,T7,TP1,272
2461,,3,,II,,1 L,E2,P001 IBC02,,T4,TP1,272
2463,,4.3,,I,,0,E0,P403,,,,272
2464,,5.1,6.1,II,,1 kg,E2,P002 IBC08,"B2, B4",T3,TP33,272
2465,,5.1,,II,135,1 kg,E2,P002 IBC08,"B2, B4",T3,TP33,272
2466,,5.1,,I,,0,E0,P503 IBC06,B1,,,272
2468,,5.1,,II,,1 kg,E2,P002 IBC08,"B2, B4",T3,TP33,272
2469,,5.1,,III,,5 kg,E1,P002 IBC08 LP02,B3,T1,TP33,272
2470,,6.1,,III,,5 L,E1,P001 IBC03 LP01,,T4,TP1,272
2471,,6.1,,I,,0,E5,P002 IBC07,PP30 B1,T6,TP33,272
2473,,6.1,,III,,5 kg,E1,P002 IBC08 LP02,B3,T1,TP33,272
2474,,6.1,,I,279 354,0,E0,P602,,T20,TP2 TP13,272
2475,,8,,III,,5 kg,E1,P002 IBC08 LP02,B3,T1,TP33,272
2477,,6.1,3,I,354,0,E0,P602,,T20,TP2 TP13,272
2478,,3,6.1,II,274,1 L,E2,P001 IBC02,,T11,TP2 TP13 TP27,273
2478,,3,6.1,III,223 274,5 L,E1,P001 IBC03,,T7,TP1 TP13 TP28,273
2480,,6.1,3,I,354,0,E0,P601,,T22,TP2 TP13,273
2481,,6.1,3,I,354,0,E0,P602,,T20,TP2 TP13,273
2482,,6.1,3,I,354,0,E0,P602,,T20,TP2 TP13,273
2483,,6.1,3,I,354,0,E0,P602,,T20,TP2 TP13,273
2484,,6.1,3,I,354,0,E0,P602,,T20,TP2 TP13,273
2485,,6.1,3,I,354,0,E0,P602,,T20,TP2 TP13,273
2486,,6.1,3,I,354,0,E0,P602,,T20,TP2 TP13,273
2487,,6.1,3,I,354,0,E0,P602,,T20,TP2 TP13,273
2488,,6.1,3,I,354,0,E0,P602,,T20,TP2 TP13,273
2490,,6.1,,II,,100 ml,E4,P001 IBC02,,T7,TP2,273
2491,,8,,III,223,5 L,E1,P001 IBC03 LP01,,T4,TP1,273
2493,,3,8,II,,1 L,E2,P001 IBC02,,T7,TP1,273
2495,,5.1,6.1 8,I,,0,E0,P200,,,,273
2496,,8,,III,,5 L,E1,P001 IBC03 LP01,,T4,TP1,273
2498,"1,2,3,6-",3,,III,,5 L,E1,P001 IBC03 LP01,,T2,TP1,273
2501,-(1-),6.1,,II,,100 ml,E4,P001 IBC02,,T7,TP2,273
2501,-(1-),6.1,,III,223,5 L,E1,P001 IBC03 LP01,,T4,TP1,274
2502,,8,3,II,,1 L,E2,P001 IBC02,,T7,TP2,274
2503,,8,,III,,5 kg,E1,P002 IBC08 LP02,B3,T1,TP33,274
2504,,6.1,,III,,5 L,E1,P001 IBC03 LP01,,T4,TP1,274
2505,,6.1,,III,,5 kg,E1,P002 IBC08 LP02,B3,T1,TP33,274
2506,,8,,II,,1 kg,E2,P002 IBC08,"B2, B4",T3,TP33,274
2507,,8,,III,,5 kg,E1,P002 IBC08 LP02,B3,T1,TP33,274
2508,,8,,III,,5 kg,E1,P002 IBC08 LP02,B3,T1,TP33,274
2509,,8,,II,,1 kg,E2,P002 IBC08,"B2, B4",T3,TP33,274
2511,2-,8,,III,223,5 L,E1,P001 IBC03 LP01,,T4,TP2,274
2512,(),6.1,,III,279,5 kg,E1,P002 IBC08 LP02,B3,T1,TP33,274
2513,,8,,II,,1 L,E2,P001 IBC02,,T8,TP2,274
2514,,3,,III,,5 L,E1,P001 IBC03 LP01,,T2,TP1,274
2515,,6.1,,III,,5 L,E1,P001 IBC03 LP01,,T4,TP1,274
2516,,6.1,,III,,5 kg,E1,P002 IBC08 LP02,B3,T1,TP33,274
2517,"1--1,1- ( R 142b)",2.1,,,,0,E0,P200,,T50,,274
2518,"1,5,9-",6.1,,III,,5 L,E1,P001 IBC03 LP01,,T4,TP1,274
2520,,3,,III,,5 L,E1,P001 IBC03 LP01,,T2,TP1,274
2521,,6.1,3,I,354 386,0,E0,P602,,T20,TP2 TP13,274
2522,2-,6.1,,II,386,100 ml,E4,P001 IBC02,,T7,TP2,275
2524,,3,,III,,5 L,E1,P001 IBC03 LP01,,T2,TP1,275
2525,,6.1,,III,,5 L,E1,P001 IBC03 LP01,,T4,TP1,275
2526,,3,8,III,,5 L,E1,P001 IBC03,,T4,TP1,275
2527,,3,,III,386,5 L,E1,P001 IBC03 LP01,,T2,TP1,275
2528,,3,,III,,5 L,E1,P001 IBC03 LP01,,T2,TP1,275
2529,,3,8,III,,5 L,E1,P001 IBC03,,T4,TP1,275
2531,,8,,II,386,1 L,E2,P001 IBC02 LP01,,T7,TP2 TP18 TP30,275
2533,,6.1,,III,,5 L,E1,P001 IBC03 LP01,,T4,TP1,275
2534,,2.3,2.1 8,,,0,E0,P200,,,,275
2535,4-(N-),3,8,II,,1 L,E2,P001 IBC02,,T7,TP1,275
2536,,3,,II,,1 L,E2,P001 IBC02,,T4,TP1,275
2538,,4.1,,III,,5 kg,E1,P002 IBC08 LP02,B3,T1,TP33,275
2541,,3,,III,,5 L,E1,P001 IBC03 LP01,,T2,TP1,275
2542,,6.1,,II,,100 ml,E4,P001 IBC02,,T7,TP2,275
2545,,4.2,,I,,0,E0,P404,,,,275
2545,,4.2,,II,,0,E2,P410 IBC06,B2,T3,TP33,275
2545,,4.2,,III,223,0,E1,P002 IBC08 LP02,B3,T1,TP33,275
2546,,4.2,,I,,0,E0,P404,,,,275
2546,,4.2,,II,,0,E2,P410 IBC06,B2,T3,TP33,275
2546,,4.2,,III,223,0,E1,P002 IBC08 LP02,B3,T1,TP33,275
2547,,5.1,,I,,0,E0,P503 IBC06,B1,,,276
2548,,2.3,5.1 8,,,0,E0,P200,,,,276
2552,,6.1,,II,,100 ml,E4,P001 IBC02,,T7,TP2,276
2554,,3,,II,,1 L,E2,P001 IBC02,,T4,TP1 TP13,276
2555,( 25%),4.1,,II,28 394,0,E0,P406,,,,276
2556,( 25% 12.6%),4.1,,II,28 394,0,E0,P406,,,,276
2557,12.6%,4.1,,II,241 394,0,E0,P406,,,,276
2558,,6.1,3,I,,0,E0,P001,,T14,TP2 TP13,276
2560,2--2-,3,,III,,5 L,E1,P001 IBC03 LP01,,T2,TP1,276
2561,3--1-,3,,I,,0,E3,P001,,T11,TP2,276
2564,,8,,II,,1 L,E2,P001 IBC02,,T7,TP2,276
2564,,8,,III,223,5 L,E1,P001 IBC03 LP01,,T4,TP1,276
2565,,8,,III,,5 L,E1,P001 IBC03 LP01,,T4,TP1,276
2567,,6.1,,II,,500 g,E4,P002 IBC08,"B2, B4",T3,TP33,276
2570,,6.1,,I,274,0,E5,P002 IBC07,B1,T6,TP33,276
2570,,6.1,,II,274,500 g,E4,P002 IBC08,"B2, B4",T3,TP33,276
2570,,6.1,,III,223 274,5 kg,E1,P002 IBC08 LP02,B3,T1,TP33,276
2571,,8,,II,,1 L,E2,P001 IBC02,,T8,TP2 TP13 TP28,276
2572,,6.1,,II,,100 ml,E4,P001 IBC02,,T7,TP2,276
2573,,5.1,6.1,II,,1 kg,E2,P002 IBC06,B2,T3,TP33,276
2574,3%,6.1,,II,,100 ml,E4,P001 IBC02,,T7,TP2,276
2576,,8,,II,,0,E0,,,T7,TP3 TP13,276
2577,,8,,II,,1 L,E2,P001 IBC02,,T7,TP2,277
2578,,8,,III,,5 kg,E1,P002 IBC08 LP02,B3,T1,TP33,277
2579,,8,,III,,5 kg,E1,P002 IBC08 LP02,B3,T1,TP33,277
2580,,8,,III,223,5 L,E1,P001 IBC03 LP01,,T4,TP1,277
2581,,8,,III,223,5 L,E1,P001 IBC03 LP01,,T4,TP1,277
2582,,8,,III,223,5 L,E1,P001 IBC03 LP01,,T4,TP1,277
2583,5%,8,,II,,1 kg,E2,P002 IBC08,"B2, B4",T3,TP33,277
2584,5%,8,,II,,1 L,E2,P001 IBC02,,T8,TP2 TP13,277
2585,5%,8,,III,,5 kg,E1,P002 IBC08 LP02,B3,T1,TP33,277
2586,5%,8,,III,,5 L,E1,P001 IBC03 LP01,,T4,TP1,277
2587,,6.1,,II,,500 g,E4,P002 IBC08,"B2, B4",T3,TP33,277
2588,,6.1,,I,61 274,0,E5,P002 IBC99,,T6,TP33,277
2588,,6.1,,II,61 274,500 g,E4,P002 IBC08,"B2, B4",T3,TP33,277
2588,,6.1,,III,61 223 274,5 kg,E1,P002 IBC08 LP02,B3,T1,TP33,277
2589,,6.1,3,II,,100 ml,E4,P001 IBC02,,T7,TP2,277
2590,,9,,III,168,5kg,E1,P002 IBC08,"PP37 B2, B3",T1,TP33,277
2591,,2.2,,,,120 ml,E1,P203,,T75,TP5,277
2599,60% (R 503),2.2,,,,120 ml,E1,P200,,,,277
2601,,2.1,,,,0,E0,P200,,,,277
2602,74% (R 500),2.2,,,,120 ml,E1,P200,,T50,,277
2603,,3,6.1,II,,1 L,E2,P001 IBC02,,T7,TP1 TP13,277
2604,,8,3,I,,0,E0,P001,,T10,TP2,278
2605,,6.1,3,I,354,0,E0,P602,,T20,TP2 TP13,278
2606,,6.1,3,I,354,0,E0,P602,,T20,TP2 TP13,278
2607,,3,,III,386,5 L,E1,P001 IBC03 LP01,,T2,TP1,278
2608,,3,,III,,5 L,E1,P001 IBC03 LP01,,T2,TP1,278
2609,,6.1,,III,,5 L,E1,P001 IBC03 LP01,,,,278
2610,,3,8,III,,5 L,E1,P001 IBC03,,T4,TP1,278
2611,,6.1,3,II,,100 ml,E4,P001 IBC02,,T7,TP2 TP13,278
2612,(),3,,II,,1 L,E2,P001 IBC02,B8,T7,TP2,278
2614,,3,,III,,5 L,E1,P001 IBC03 LP01,,T2,TP1,278
2615,(),3,,II,,1 L,E2,P001 IBC02,,T4,TP1,278
2616,,3,,II,,1 L,E2,P001 IBC02,,T4,TP1,278
2616,,3,,III,223,5 L,E1,P001 IBC03 LP01,,T2,TP1,278
2617,,3,,III,,5 L,E1,P001 IBC03 LP01,,T2,TP1,278
2618,,3,,III,386,5 L,E1,P001 IBC03 LP01,,T2,TP1,278
2619,,8,3,II,,1 L,E2,P001 IBC02,,T7,TP2,278
2620,,3,,III,,5 L,E1,P001 IBC03 LP01,,T2,TP1,278
2621,,3,,III,,5 L,E1,P001 IBC03 LP01,,T2,TP1,278
2622,,3,6.1,II,,1 L,E2,P001 IBC02,B8,T7,TP1,278
2623,,4.1,,III,,5 kg,E1,P002 LP02,PP15,,,278
2624,,4.3,,II,,500 g,E2,P410 IBC07,B2,T3,TP33,279
2626,10%,5.1,,II,,1 L,E0,P504 IBC02,,T4,TP1,279
2627,,5.1,,II,103 274,1 kg,E2,P002 IBC08,"B2, B4",T3,TP33,279
2628,,6.1,,I,,0,E5,P002 IBC07,B1,T6,TP33,279
2629,,6.1,,I,,0,E5,P002 IBC07,B1,T6,TP33,279
2630,,6.1,,I,274,0,E5,P002 IBC07,B1,T6,TP33,279
2642,,6.1,,I,,0,E5,P002 IBC07,B1,T6,TP33,279
2643,,6.1,,II,,100 ml,E4,P001 IBC02,,T7,TP2,279
2644,,6.1,,I,354,0,E0,P602,,T20,TP2 TP13,279
2645,,6.1,,II,,500 g,E4,P002 IBC08,"B2, B4",T3,TP33,279
2646,,6.1,,I,354,0,E0,P602,,T20,TP2 TP13,279
2647,,6.1,,II,,500 g,E4,P002 IBC08,"B2, B4",T3,TP33,279
2648,"1,2--3-",6.1,,II,,100 ml,E4,P001 IBC02,,,,279
2649,"1,3-",6.1,,II,,500 g,E4,P002 IBC08,"B2, B4",T3,TP33,279
2650,"1,1--1-",6.1,,II,,100 ml,E4,P001 IBC02,,T7,TP2,279
2651,"4,4’-",6.1,,III,,5 kg,E1,P002 IBC08 LP02,B3,T1,TP33,279
2653,,6.1,,II,,100 ml,E4,P001 IBC02,,T7,TP2,279
2655,,6.1,,III,,5 kg,E1,P002 IBC08 LP02,B3,T1,TP33,279
2656,,6.1,,III,,5 L,E1,P001 IBC03 LP01,,T4,TP1,279
2657,,6.1,,II,,500 g,E4,P002 IBC08,"B2, B4",T3,TP33,279
2659,,6.1,,III,,5 kg,E1,P002 IBC08 LP02,B3,T1,TP33,279
2660,,6.1,,III,,5 kg,E1,P002 IBC08 LP02,B3,T1,TP33,279
2661,,6.1,,III,,5 L,E1,P001 IBC03 LP01,,T4,TP1,280
2664,,6.1,,III,,5 L,E1,P001 IBC03 LP01,,T4,TP1,280
2667,,6.1,,III,,5 L,E1,P001 IBC03 LP01,,T4,TP1,280
2668,,6.1,3,I,354,0,E0,P602,,T20,TP2 TP13,280
2669,,6.1,,II,,100 ml,E4,P001 IBC02,,T7,TP2,280
2669,,6.1,,III,223,5 L,E1,P001 IBC03 LP01,,T7,TP2,280
2670,,8,,II,,1 kg,E2,P002 IBC08,"B2, B4",T3,TP33,280
2671,(),6.1,,II,,500 g,E4,P002 IBC08,"B2, B4",T3,TP33,280
2672,15 0.8800.975 10%-35%,8,,III,,5 L,E1,P001 IBC03 LP01,B11,T7,TP1,280
2673,2--4-,6.1,,II,,500 g,E4,P002 IBC08,"B2, B4",T3,TP33,280
2674,,6.1,,III,,5 kg,E1,P002 IBC08 LP02,B3,T1,TP33,280
2676,,2.3,2.1,,,0,E0,P200,,,,280
2677,,8,,II,,1 L,E2,P001 IBC02,,T7,TP2,280
2677,,8,,III,223,5 L,E1,P001 IBC03 LP01,,T4,TP1,280
2678,,8,,II,,1 kg,E2,P002 IBC08,"B2, B4",T3,TP33,280
2679,,8,,II,,1 L,E2,P001 IBC02,,T7,TP2,280
2679,,8,,III,223,5 L,E1,P001 IBC03 LP01,,T4,TP2,280
2680,,8,,II,,1 kg,E2,P002 IBC08,"B2, B4",T3,TP33,280
2681,,8,,II,,1 L,E2,P001 IBC02,,T7,TP2,280
2681,,8,,III,223,5 L,E1,P001 IBC03 LP01,,T4,TP1,280
2682,,8,,II,,1 kg,E2,P002 IBC08,"B2, B4",T3,TP33,280
2683,,8,3 6.1,II,,1 L,E2,P001 IBC01,,T7,TP2 TP13,281
2684,3,3,8,III,,5 L,E1,P001 IBC03,,T4,TP1,281
2685,NN-,8,3,II,,1 L,E2,P001 IBC02,,T7,TP2,281
2686,2-,8,3,II,,1 L,E2,P001 IBC02,,T7,TP2,281
2687,,4.1,,III,,5 kg,E1,P002 IBC08 LP02,B3,T1,TP33,281
2688,1--3-,6.1,,III,,5 L,E1,P001 IBC03 LP01,,T4,TP1,281
2689,"3--1,2-",6.1,,III,,5 L,E1,P001 IBC03 LP01,,T4,TP1,281
2690,N-,6.1,,II,,100 ml,E4,P001 IBC02,,T7,TP2,281
2691,,8,,II,,1 kg,E0,P002 IBC08,"B2, B4",T3,TP33,281
2692,,8,,I,,0,E0,P602,,T20,TP2 TP13,281
2693,,8,,III,274,5 L,E1,P001 IBC03 LP01,,T7,TP1 TP28,281
2698,0.05%,8,,III,29 169,5 kg,E1,P002 IBC08 LP02,PP14 B3,T1,TP33,281
2699,,8,,I,,0,E0,P001,,T10,TP2,281
2705,1-,8,,II,,1 L,E2,P001 IBC02,,T7,TP2,281
2707,,3,,II,,1 L,E2,P001 IBC02,,T4,TP1,281
2707,,3,,III,223,5 L,E1,P001 IBC03 LP01,,T2,TP1,281
2709,,3,,III,,5 L,E1,P001 IBC03 LP01,,T2,TP1,281
2710,,3,,III,,5 L,E1,P001 IBC03 LP01,,T2,TP1,281
2713,,6.1,,III,,5 kg,E1,P002 IBC08 LP02,B3,T1,TP33,281
2714,,4.1,,III,,5 kg,E1,P002 IBC06,,T1,TP33,281
2715,,4.1,,III,,5 kg,E1,P002 IBC06,,T1,TP33,281
2716,"1,4-",6.1,,III,,5 kg,E1,P002 IBC08 LP02,B3,T1,TP33,282
2717,,4.1,,III,,5 kg,E1,P002 IBC08 LP02,B3,T1,TP33,282
2719,,5.1,6.1,II,,1 kg,E2,P002 IBC08,"B2, B4",T3,TP33,282
2720,,5.1,,III,,5 kg,E1,P002 IBC08 LP02,B3,T1,TP33,282
2721,,5.1,,II,,1 kg,E2,P002 IBC08,"B2, B4",T3,TP33,282
2722,,5.1,,III,,5 kg,E1,P002 IBC08 LP02,B3,T1,TP33,282
2723,,5.1,,II,,1 kg,E2,P002 IBC08,"B2, B4",T3,TP33,282
2724,,5.1,,III,,5 kg,E1,P002 IBC08 LP02,B3,T1,TP33,282
2725,,5.1,,III,,5 kg,E1,P002 IBC08 LP02,B3,T1,TP33,282
2726,,5.1,,III,,5 kg,E1,P002 IBC08 LP02,B3,T1,TP33,282
2727,,6.1,5.1,II,,500 g,E4,P002 IBC06,B2,T3,TP33,282
2728,,5.1,,III,,5 kg,E1,P002 IBC08 LP02,B3,T1,TP33,282
2729,,6.1,,III,,5 kg,E1,P002 IBC08 LP02,B3,T1,TP33,282
2730,,6.1,,III,,5 L,E1,P001 IBC03 LP01,,T4,TP1,282
2732,,6.1,,III,,5 L,E1,P001 IBC03 LP01,,T4,TP1,282
2733,,3,8,I,274,0,E0,P001,,T14,TP1 TP27,282
2733,,3,8,II,274,1 L,E2,P001 IBC02,,T11,TP1 TP27,282
2733,,3,8,III,223 274,5 L,E1,P001 IBC03,,T7,TP1 TP28,282
2734,,8,3,I,274,0,E0,P001,,T14,TP2 TP27,283
2734,,8,3,II,274,1 L,E2,P001 IBC02,,T11,TP2 TP27,283
2735,,8,,I,274,0,E0,P001,,T14,TP2 TP27,283
2735,,8,,II,274,1 L,E2,P001 IBC02,,T11,TP1 TP27,283
2735,,8,,III,223 274,5 L,E1,P001 IBC03 LP01,,T7,TP1 TP28,283
2738,N-,6.1,,II,,100 ml,E4,P001 IBC02,,T7,TP2,283
2739,,8,,III,,5 L,E1,P001 IBC03 LP01,,T4,TP1,283
2740,,6.1,3 8,I,,0,E0,P602,,T20,TP2 TP13,283
2741,22%,5.1,6.1,II,,1 kg,E2,P002 IBC08,"B2, B4",T3,TP33,283
2742,,6.1,3 8,II,274,100 ml,E4,P001 IBC01,,,,283
2743,,6.1,3 8,II,,100 ml,E0,P001,,T20,TP2 TP13,283
2744,,6.1,3 8,II,,100 ml,E4,P001 IBC01,,T7,TP2 TP13,283
2745,,6.1,8,II,,100 ml,E4,P001 IBC02,,T7,TP2 TP13,283
2746,,6.1,8,II,,100 ml,E4,P001 IBC02,,T7,TP2 TP13,283
2747,,6.1,,III,,5 L,E1,P001 IBC03 LP01,,T4,TP1,283
2748,-2-,6.1,8,II,,100 ml,E4,P001 IBC02,,T7,TP2 TP13,283
2749,,3,,I,,0,E0,P001,,T14,TP2,283
2750,"1,3--2-",6.1,,II,,100 ml,E4,P001 IBC02,,T7,TP2,283
2751,,8,,II,,1 L,E2,P001 IBC02,,T7,TP2,283
2752,"1,2--3-",3,,III,,5 L,E1,P001 IBC03 LP01,,T2,TP1,283
2753,N-,6.1,,III,,5 L,E1,P001 IBC03 LP01,,T7,TP1,284
2754,N-,6.1,,II,,100 ml,E4,P001 IBC02,,T7,TP2,284
2757,,6.1,,I,61 274,0,E5,P002 IBC07,B1,T6,TP33,284
2757,,6.1,,II,61 274,500 g,E4,P002 IBC08,"B2, B4",T3,TP33,284
2757,,6.1,,III,61 223 274,5 kg,E1,P002 IBC08 LP02,B3,T1,TP33,284
2758,23,3,6.1,I,61 274,0,E0,P001,,T14,TP2 TP13 TP27,284
2758,23,3,6.1,II,61 274,1 L,E2,P001 IBC02,,T11,TP2 TP13 TP27,284
2759,,6.1,,I,61 274,0,E5,P002 IBC07,B1,T6,TP33,284
2759,,6.1,,II,61 274,500 g,E4,P002 IBC08,"B2, B4",T3,TP33,284
2759,,6.1,,III,61 223 274,5 kg,E1,P002 IBC08 LP02,B3,T1,TP33,284
2760,23,3,6.1,I,61 274,0,E0,P001,,T14,TP2 TP13 TP27,284
2760,23,3,6.1,II,61 274,1 L,E2,P001 IBC02,,T11,TP2 TP13 TP27,284
2761,,6.1,,I,61 274,0,E5,P002 IBC07,B1,T6,TP33,284
2761,,6.1,,II,61 274,500 g,E4,P002 IBC08,"B2, B4",T3,TP33,284
2761,,6.1,,III,61 223 274,5 kg,E1,P002 IBC08 LP02,B3,T1,TP33,284
2762,23,3,6.1,I,61 274,0,E0,P001,,T14,TP2 TP13 TP27,284
2762,23,3,6.1,II,61 274,1 L,E2,P001 IBC02,,T11,TP2 TP13 TP27,284
2763,,6.1,,I,61 274,0,E5,P002 IBC07,B1,T6,TP33,284
2763,,6.1,,II,61 274,500 g,E4,P002 IBC08,"B2, B4",T3,TP33,284
2763,,6.1,,III,61 223 274,5 kg,E1,P002 IBC08,B3,T1,TP33,284
2764,23,3,6.1,I,61 274,0,E0,P001,,T14,TP2 TP13 TP27,285
2764,23,3,6.1,II,61 274,1 L,E2,P001 IBC02,,T11,TP2 TP13 TP27,285
2771,,6.1,,I,61 274,0,E5,P002 IBC07,B1,T6,TP33,285
2771,,6.1,,II,61 274,500 g,E4,P002 IBC08,"B2, B4",T3,TP33,285
2771,,6.1,,III,61 223 274,5 kg,E1,P002 IBC08 LP02,B3,T1,TP33,285
2772,23,3,6.1,I,61 274,0,E0,P001,,T14,TP2 TP13 TP27,285
2772,23,3,6.1,II,61 274,1 L,E2,P001 IBC02,,T11,TP2 TP13 TP27,285
2775,,6.1,,I,61 274,0,E5,P002 IBC07,B1,T6,TP33,285
2775,,6.1,,II,61 274,500 g,E4,P002 IBC08,"B2, B4",T3,TP33,285
2775,,6.1,,III,61 223 274,5 kg,E1,P002 IBC08 LP02,B3,T1,TP33,285
2776,23,3,6.1,I,61 274,0,E0,P001,,T14,TP2 TP13 TP27,285
2776,23,3,6.1,II,61 274,1 L,E2,P001 IBC02,,T11,TP2 TP13 TP27,285
2777,,6.1,,I,61 274,0,E5,P002 IBC07,B1,T6,TP33,285
2777,,6.1,,II,61 274,500 g,E4,P002 IBC08,"B2, B4",T3,TP33,285
2777,,6.1,,III,61 223 274,5 kg,E1,P002 IBC08 LP02,B3,T1,TP33,285
2778,23,3,6.1,I,61 274,0,E0,P001,,T14,TP2 TP13 TP27,285
2778,23,3,6.1,II,61 274,1 L,E2,P001 IBC02,,T11,TP2 TP13 TP27,285
2779,,6.1,,I,61 274,0,E5,P002 IBC07,B1,T6,TP33,285
2779,,6.1,,II,61 274,500 g,E4,P002 IBC08,"B2, B4",T3,TP33,285
2779,,6.1,,III,61 223 274,5 kg,E1,P002 IBC08 LP02,B3,T1,TP33,286
2780,23,3,6.1,I,61 274,0,E0,P001,,T14,TP2 TP13 TP27,286
2780,23,3,6.1,II,61 274,1 L,E2,P001 IBC02,,T11,TP2 TP13 TP27,286
2781,,6.1,,I,61 274,0,E5,P002 IBC07,B1,T6,TP33,286
2781,,6.1,,II,61 274,500 g,E4,P002 IBC08,"B2, B4",T3,TP33,286
2781,,6.1,,III,61 223 274,5 kg,E1,P002 IBC08 LP02,B3,T1,TP33,286
2782,23,3,6.1,I,61 274,0,E0,P001,,T14,TP2 TP13 TP27,286
2782,23,3,6.1,II,61 274,1 L,E2,P001 IBC02,,T11,TP2 TP13 TP27,286
2783,,6.1,,I,61 274,0,E5,P002 IBC07,B1,T6,TP33,286
2783,,6.1,,II,61 274,500 g,E4,P002 IBC08,"B2, B4",T3,TP33,286
2783,,6.1,,III,61 223 274,5 kg,E1,P002 IBC08 LP02,B3,T1,TP33,286
2784,23,3,6.1,I,61 274,0,E0,P001,,T14,TP2 TP13 TP27,286
2784,23,3,6.1,II,61 274,1 L,E2,P001 IBC02,,T11,TP2 TP13 TP27,286
2785,4-,6.1,,III,,5 L,E1,P001 IBC03 LP01,,T4,TP1,286
2786,,6.1,,I,61 274,0,E5,P002 IBC07,B1,T6,TP33,286
2786,,6.1,,II,61 274,500 g,E4,P002 IBC08,"B2, B4",T3,TP33,286
2786,,6.1,,III,61 223 274,5 kg,E1,P002 IBC08 LP02,B3,T1,TP33,286
2787,23,3,6.1,I,61 274,0,E0,P001,,T14,TP2 TP13 TP27,286
2787,23,3,6.1,II,61 274,1 L,E2,P001 IBC02,,T11,TP2 TP13 TP27,286
2788,,6.1,,I,43 274,0,E5,P001,,T14,TP2 TP13 TP27,287
2788,,6.1,,II,43 274,100 ml,E4,P001 IBC02,,T11,TP2 TP13 TP27,287
2788,,6.1,,III,43 223 274,5 L,E1,P001 IBC03 LP01,,T7,TP2 TP28,287
2789,80%,8,3,II,,1 L,E2,P001 IBC02,,T7,TP2,287
2790,50%- 80%,8,,II,,1 L,E2,P001 IBC02,,T7,TP2,287
2790,10%- 50%,8,,III,,5 L,E1,P001 IBC03 LP01,,T4,TP1,287
2793,,4.2,,III,223,0,E1,P003 IBC08 LP02,"PP20 B3, B6",BK2,,287
2794,,8,,,295,1 L,E0,P801,,,,287
2795,,8,,,295 401,1 L,E0,P801,,,,287
2796,51%,8,,II,,1 L,E2,P001 IBC02,,T8,TP2,287
2797,,8,,II,,1 L,E2,P001 IBC02,,T7,TP2 TP28,287
2798,,8,,II,,1 L,E0,P001 IBC02,,T7,TP2 TP28,287
2799,,8,,II,,1 L,E0,P001 IBC02,,T7,TP2,287
2800,,8,,,238,1 L,E0,P003,PP16,,,287
2801,,8,,I,274,0,E0,P001,,T14,TP2 TP27,287
2801,,8,,II,274,1 L,E2,P001 IBC02,,T11,TP2 TP27,287
2801,,8,,III,223 274,5 L,E1,P001 IBC03 LP01,,T7,TP1 TP28,287
2802,,8,,III,,5 kg,E1,P002 IBC08 LP02,B3,T1,TP33,287
2803,,8,,III,365,5 kg,E0,P800,PP41,T1,TP33,287
2805,,4.3,,II,,500 g,E2,P410 IBC04,,T3,TP33,287
2806,,4.3,,I,,0,E0,P403 IBC04,B1,,,287
2807,,9,,,106,,E0,,,,,287
2809,,8,6.1,III,365,5 kg,E0,P800,,,,287
2810,,6.1,,I,274 315,0,E5,P001,,T14,TP2 TP13 TP27,288
2810,,6.1,,II,274,100 ml,E4,P001 IBC02,,T11,TP2 TP13 TP27,288
2810,,6.1,,III,223 274,5 L,E1,P001 IBC03 LP01,,T7,TP1 TP28,288
2811,,6.1,,I,274,0,E5,P002 IBC99,,T6,TP33,288
2811,,6.1,,II,274,500 g,E4,P002 IBC08,"B2, B4",T3,TP33,288
2811,,6.1,,III,223 274,5 kg,E1,P002 IBC08 LP02,B3,T1,TP33,288
2812,,8,,III,106,5 kg,E1,P002 IBC08 LP02,B3,T1,TP33,288
2813,,4.3,,I,274,0,E0,P403 IBC99,,T9,TP7 TP33,288
2813,,4.3,,II,274,500 g,E2,P410 IBC07,B2,T3,TP33,288
2813,,4.3,,III,223 274,1 kg,E1,P410 IBC08,B4,T1,TP33,288
2814,,6.2,,,318 341,0,E0,P620,,BK1 BK2,,288
2815,N-,8,6.1,III,,5 L,E1,P001 IBC03 LP01,,T4,TP1,288
2817,,8,6.1,II,,1 L,E2,P001 IBC02,,T8,TP2 TP13,288
2817,,8,6.1,III,223,5 L,E1,P001 IBC03,,T4,TP1 TP13,288
2818,,8,6.1,II,,1 L,E2,P001 IBC02,,T7,TP2 TP13,288
2818,,8,6.1,III,223,5 L,E1,P001 IBC03,,T4,TP1 TP13,288
2819,,8,,III,,5 L,E1,P001 IBC03 LP01,,T4,TP1,288
2820,,8,,III,,5 L,E1,P001 IBC03 LP01,,T4,TP1,288
2821,,6.1,,II,,100 ml,E4,P001 IBC02,,T7,TP2,288
2821,,6.1,,III,223,5 L,E1,P001 IBC03 LP01,,T4,TP1,288
2822,2-,6.1,,II,,100 ml,E4,P001 IBC02,,T7,TP2,288
2823,,8,,III,,5 kg,E1,P002 IBC08 LP02,B3,T1,TP33,289
2826,,8,3,II,,0,E0,P001,,T7,TP2,289
2829,,8,,III,,5 L,E1,P001 IBC03 LP01,,T4,TP1,289
2830,,4.3,,II,,500 g,E2,P410 IBC07,B2,T3,TP33,289
2831,"1,1,1-",6.1,,III,,5 L,E1,P001 IBC03 LP01,,T4,TP1,289
2834,,8,,III,,5 kg,E1,P002 IBC08 LP02,B3,T1,TP33,289
2835,,4.3,,II,,500 g,E0,P410 IBC04,,T3,TP33,289
2837,,8,,II,,1 L,E2,P001 IBC02,,T7,TP2,289
2837,,8,,III,223,5 L,E1,P001 IBC03 LP01,,T4,TP1,289
2838,,3,,II,386,1 L,E2,P001 IBC02,,T4,TP1,289
2839,,6.1,,II,,100 ml,E4,P001 IBC02,,T7,TP2,289
2840,,3,,III,,5 L,E1,P001 IBC03 LP01,,T2,TP1,289
2841,,3,6.1,III,,5 L,E1,P001 IBC03,,T4,TP1,289
2842,,3,,III,,5 L,E1,P001 IBC03 LP01,,T2,TP1,289
2844,,4.3,,III,,1 kg,E1,P410 IBC08,B4,T1,TP33,289
2845,,4.2,,I,274,0,E0,P400,,T22,TP2 TP7,289
2846,,4.2,,I,274,0,E0,P404,,,,289
2849,3--1-,6.1,,III,,5 L,E1,P001 IBC03 LP01,,T4,TP1,289
2850,,3,,III,,5 L,E1,P001 IBC03 LP01,,T2,TP1,289
2851,,8,,II,,1 L,E2,P001 IBC02,,T7,TP2,289
2852,10%,4.1,,I,28,0,E0,P406,PP24,,,289
2853,,6.1,,III,,5 kg,E1,P002 IBC08 LP02,B3,T1,TP33,290
2854,,6.1,,III,,5 kg,E1,P002 IBC08 LP02,B3,T1,TP33,290
2855,,6.1,,III,,5 kg,E1,P002 IBC08 LP02,B3,T1,TP33,290
2856,,6.1,,III,274,5 kg,E1,P002 IBC08 LP02,B3,T1,TP33,290
2857,(UN 2672),2.2,,,119,0,E0,P003,PP32,,,290
2858,( 25418 ),4.1,,III,,5 kg,E1,P002 LP02,,,,290
2859,,6.1,,II,,500 g,E4,P002 IBC08,"B2, B4",T3,TP33,290
2861,,6.1,,II,,500 g,E4,P002 IBC08,"B2, B4",T3,TP33,290
2862,,6.1,,III,,5 kg,E1,P002 IBC08 LP02,B3,T1,TP33,290
2863,,6.1,,II,,500 g,E4,P002 IBC08,"B2, B4",T3,TP33,290
2864,,6.1,,II,,500 g,E4,P002 IBC08,"B2, B4",T3,TP33,290
2865,,8,,III,,5 kg,E1,P002 IBC08 LP02,B3,T1,TP33,290
2869,,8,,II,,1 kg,E2,P002 IBC08,"B2, B4",T3,TP33,290
2869,,8,,III,223,5 kg,E1,P002 IBC08 LP02,B3,T1,TP33,290
2870,,4.2,4.3,I,,0,E0,P400,,T21,TP7 TP33,290
2870,,4.2,4.3,,,0,E0,P002,PP13,,,290
2871,,6.1,,III,,5 kg,E1,P002 IBC08 LP02,B3,T1,TP33,290
2872,,6.1,,II,,100 ml,E4,P001 IBC02,,T7,TP2,290
2872,,6.1,,III,223,5 L,E1,P001 IBC03 LP01,,T4,TP1,290
2873,,6.1,,III,,5 L,E1,P001 IBC03 LP01,,T4,TP1,290
2874,,6.1,,III,,5 L,E1,P001 IBC03 LP01,,T4,TP1,291
2875,,6.1,,III,,5 kg,E1,P002 IBC08 LP02,B3,T1,TP33,291
2876,,6.1,,III,,5 kg,E1,P002 IBC08 LP02,B3,T1,TP33,291
2878,,4.1,,III,223,5 kg,E1,P002 IBC08 LP02,B3,T1,TP33,291
2879,,8,6.1,I,,0,E0,P001,,T10,TP2 TP13,291
2880,5.5% - 16%,5.1,,II,314 322,1 kg,E2,P002 IBC08,"PP85 B2, B4, B13",,,291
2880,5.5% - 16%,5.1,,III,223 314,5 kg,E1,P002 IBC08,"PP85 B4, B13",,,291
2881,,4.2,,I,274,0,E0,P404,,T21,TP7 TP33,291
2881,,4.2,,II,274,0,E0,P410 IBC06,B2,T3,TP33,291
2881,,4.2,,III,223 274,0,E1,P002 IBC08 LP02,B3,T1,TP33,291
2900,,6.2,,,318 341,0,E0,P620,,BK1 BK2,,291
2901,,2.3,5.1 8,,,0,E0,P200,,,,291
2902,,6.1,,I,61 274,0,E5,P001,,T14,TP2 TP13 TP27,291
2902,,6.1,,II,61 274,100 ml,E4,P001 IBC02,,T11,TP2 TP13 TP27,291
2902,,6.1,,III,61 223 274,5 L,E1,P001 IBC03 LP01,,T7,TP2 TP28,291
2903,23,6.1,3,I,61 274,0,E5,P001,,T14,TP2 TP13 TP27,291
2903,23,6.1,3,II,61 274,100 ml,E4,P001 IBC02,,T11,TP2 TP13 TP27,291
2903,23,6.1,3,III,61 223 274,5 L,E1,P001 IBC03,,T7,TP2,291
2904,,8,,III,,5 L,E1,P001 IBC03 LP01,,,,292
2905,,8,,III,,5 kg,E1,P002 IBC08 LP02,B3,T1,TP33,292
2907,60%,4.1,,II,28 127,0,E0,P406 IBC06,"PP26 PP80 B2, B12",,,292
2908,,7,,,290 368,0,E0,1.5,,,,292
2909,,7,,,290,0,E0,1.5,,,,292
2910,,7,,,290 368,0,E0,1.5,,,,292
2911,,7,,,290,0,E0,1.5,,,,292
2912,(LSA-I),7,,,172 317 325,0,E0,2.74.1.9,,,,292
2913,(SCO-ISCO-IISCO- III),7,,,172 317 325,0,E0,2.74.1.9,,,,292
2915,A,7,,,172 317 325,0,E0,2.74.1.9,,,,292
2916,B(U),7,,,172 317 325 337,0,E0,2.74.1.9,,,,292
2917,B(M),7,,,172 317 325 337,0,E0,2.74.1.9,,,,292
2919,,7,,,172 317 325,0,E0,2.74.1.9,,,,292
2920,,8,3,I,274,0,E0,P001,,T14,TP2 TP27,292
2920,,8,3,II,274,1 L,E2,P001 IBC02,,T11,TP2 TP27,292
2921,,8,4.1,I,274,0,E0,P002 IBC99,,T6,TP33,292
2921,,8,4.1,II,274,1 kg,E2,P002 IBC08,"B2, B4",T3,TP33,292
2922,,8,6.1,I,274,0,E0,P001,,T14,TP2 TP13 TP27,292
2922,,8,6.1,II,274,1 L,E2,P001 IBC02,,T7,TP2,293
2922,,8,6.1,III,223 274,5 L,E1,P001 IBC03,,T7,TP1 TP28,293
2923,,8,6.1,I,274,0,E0,P002 IBC99,,T6,TP33,293
2923,,8,6.1,II,274,1 kg,E2,P002 IBC08,"B2, B4",T3,TP33,293
2923,,8,6.1,III,223 274,5 kg,E1,P002 IBC08,B3,T1,TP33,293
2924,,3,8,I,274,0,E0,P001,,T14,TP2,293
2924,,3,8,II,274,1 L,E2,P001 IBC02,,T11,TP2 TP27,293
2924,,3,8,III,223 274,5 L,E1,P001 IBC03,,T7,TP1 TP28,293
2925,,4.1,8,II,274,1 kg,E2,P002 IBC06,B2,T3,TP33,293
2925,,4.1,8,III,223 274,5 kg,E1,P002 IBC06,,T1,TP33,293
2926,,4.1,6.1,II,274,1 kg,E2,P002 IBC06,B2,T3,TP33,293
2926,,4.1,6.1,III,223 274,5 kg,E1,P002 IBC06,,T1,TP33,293
2927,,6.1,8,I,274 315,0,E5,P001,,T14,TP2 TP13 TP27,293
2927,,6.1,8,II,274,100 ml,E4,P001 IBC02,,T11,TP2 TP27,293
2928,,6.1,8,I,274,0,E5,P002 IBC99,,T6,TP33,293
2928,,6.1,8,II,274,500 g,E4,P002 IBC06,B2,T3,TP33,293
2929,,6.1,3,I,274 315,0,E5,P001,,T14,TP2 TP13 TP27,293
2929,,6.1,3,II,274,100 ml,E4,P001 IBC02,,T11,TP2 TP13 TP27,293
2930,,6.1,4.1,I,274,0,E5,P002 IBC99,,T6,TP33,293
2930,,6.1,4.1,II,274,500 g,E4,P002 IBC08,"B2, B4",T3,TP33,293
2931,,6.1,,II,,500 g,E4,P002 IBC08,"B2, B4",T3,TP33,293
2933,2-,3,,III,,5 L,E1,P001 IBC03 LP01,,T2,TP1,293
2934,2-,3,,III,,5 L,E1,P001 IBC03 LP01,,T2,TP1,293
2935,2-,3,,III,,5 L,E1,P001 IBC03 LP01,,T2,TP1,294
2936,,6.1,,II,,100 ml,E4,P001 IBC02,,T7,TP2,294
2937,-,6.1,,III,,5 L,E1,P001 IBC03 LP01,,T4,TP1,294
2940,9-(),4.2,,II,,0,E2,P410 IBC06,B2,T3,TP33,294
2941,,6.1,,III,,5 L,E1,P001 IBC03 LP01,,T4,TP1,294
2942,2-,6.1,,III,,5 L,E1,P001 IBC03 LP01,,,,294
2943,,3,,III,,5 L,E1,P001 IBC03 LP01,,T2,TP1,294
2945,N-,3,8,II,,1 L,E2,P001 IBC02,,T7,TP1,294
2946,2--5-,6.1,,III,,5 L,E1,P001 IBC03 LP01,,T4,TP1,294
2947,,3,,III,,5 L,E1,P001 IBC03 LP01,,T2,TP1,294
2948,3-,6.1,,II,,100 ml,E4,P001 IBC02,,T7,TP2,294
2949,25%,8,,II,,1 kg,E2,P002 IBC08,"B2, B4",T7,TP2,294
2950,149,4.3,,III,,1 kg,E1,P410 IBC08,B4,T1 BK2,TP33,294
2956,"5--2,4,6- ()",4.1,,III,132 133,5 kg,E0,P409,,,,294
2965,,4.3,3 8,I,,0,E0,P401,,T10,TP2 TP7 TP13,294
2966,,6.1,,II,,100 ml,E4,P001 IBC02,,T7,TP2,294
2967,,8,,III,,5 kg,E1,P002 IBC08 LP02,B3,T1,TP33,294
2968,,4.3,,III,223,1 kg,E1,P002 IBC08,B4,T1,TP33,294
2969,,9,,II,141,5 kg,E2,P002 IBC08,"PP34 B2, B4",T3 BK1 BK2,TP33,294
2977,,7,6.1 8,,,0,E0,2.74.1.9,,,,294
2978,,7,6.1 8,,317,0,E0,2.74.1.9,,,,295
2983,30%,3,6.1,I,,0,E0,P001,,T14,TP2 TP7 TP13,295
2984,8% - 20%( ),5.1,,III,65,5 L,E1,P504 IBC02,B5,T4,TP1 TP6 TP24,295
2985,,3,8,II,,0,E0,P010,,T14,TP2 TP7 TP13 TP27,295
2986,,8,3,II,,0,E0,P010,,T14,TP2 TP7 TP13 TP27,295
2987,,8,,II,,0,E0,P010,,T14,TP2 TP7 TP13 TP27,295
2988,,4.3,3 8,I,,0,E0,P401,,T14,TP2 TP7 TP13,295
2989,,4.1,,II,,1 kg,E2,P002 IBC08,"B2, B4",T3,TP33,295
2989,,4.1,,III,223,5 kg,E1,P002 IBC08 LP02,B3,T1,TP33,295
2990,,9,,,296,0,E0,P905,,,,295
2991,23,6.1,3,I,61 274,0,E5,P001,,T14,TP2 TP13 TP27,295
2991,23,6.1,3,II,61 274,100 ml,E4,P001 IBC02,,T11,TP2 TP13 TP27,295
2991,23,6.1,3,III,61 223 274,5 L,E1,P001 IBC03,,T7,TP2 TP28,295
2992,,6.1,,I,61 274,0,E5,P001,,T14,TP2 TP13 TP27,295
2992,,6.1,,II,61 274,100 ml,E4,P001 IBC02,,T11,TP2 TP13 TP27,295
2992,,6.1,,III,61 223 274,5 L,E1,P001 IBC03 LP01,,T7,TP2 TP28,295
2993,23,6.1,3,I,61 274,0,E5,P001,,T14,TP2 TP13 TP27,295
2993,23,6.1,3,II,61 274,100 ml,E4,P001 IBC02,,T11,TP2 TP13 TP27,296
2993,23,6.1,3,III,61 223 274,5 L,E1,P001 IBC03,,T7,TP2 TP28,296
2994,,6.1,,I,61 274,0,E5,P001,,T14,TP2 TP13 TP27,296
2994,,6.1,,II,61 274,100 ml,E4,P001 IBC02,,T11,TP2 TP13 TP27,296
2994,,6.1,,III,61 223 274,5 L,E1,P001 IBC03 LP01,,T7,TP2 TP28,296
2995,23,6.1,3,I,61 274,0,E5,P001,,T14,TP2 TP13 TP27,296
2995,23,6.1,3,II,61 274,100 ml,E4,P001 IBC02,,T11,TP2 TP13 TP27,296
2995,23,6.1,3,III,61 223 274,5 L,E1,P001 IBC03,,T7,TP2 TP28,296
2996,,6.1,,I,61 274,0,E5,P001,,T14,TP2 TP13 TP27,296
2996,,6.1,,II,61 274,100 ml,E4,P001 IBC02,,T11,TP2 TP13 TP27,296
2996,,6.1,,III,61 223 274,5 L,E1,P001 IBC03 LP01,,T7,TP2 TP28,296
2997,23,6.1,3,I,61 274,0,E5,P001,,T14,TP2 TP13 TP27,296
2997,23,6.1,3,II,61 274,100 ml,E4,P001 IBC02,,T11,TP2 TP13 TP27,296
2997,23,6.1,3,III,61 223 274,5 L,E1,P001 IBC03,,T7,TP2 TP28,296
2998,,6.1,,I,61 274,0,E5,P001,,T14,TP2 TP13 TP27,296
2998,,6.1,,II,61 274,100 ml,E4,P001 IBC02,,T11,TP2 TP13 TP27,296
2998,,6.1,,III,61 223 274,5 L,E1,P001 IBC03 LP01,,T7,TP2 TP28,296
3005,23,6.1,3,I,61 274,0,E5,P001,,T14,TP2 TP13,297
3005,23,6.1,3,II,61 274,100 ml,E4,P001 IBC02,,T11,TP2 TP13 TP27,297
3005,23,6.1,3,III,61 223 274,5 L,E1,P001 IBC03,,T7,TP2 TP28,297
3006,,6.1,,I,61 274,0,E5,P001,,T14,TP2 TP13,297
3006,,6.1,,II,61 274,100 ml,E4,P001 IBC02,,T11,TP2 TP13 TP27,297
3006,,6.1,,III,61 223 274,5 L,E1,P001 IBC03 LP01,,T7,TP2 TP28,297
3009,23,6.1,3,I,61 274,0,E5,P001,,T14,TP2 TP13 TP27,297
3009,23,6.1,3,II,61 274,100 ml,E4,P001 IBC02,,T11,TP2 TP13 TP27,297
3009,23,6.1,3,III,61 223 274,5 L,E1,P001 IBC03,,T7,TP2 TP28,297
3010,,6.1,,I,61 274,0,E5,P001,,T14,TP2 TP13 TP27,297
3010,,6.1,,II,61 274,100 ml,E4,P001 IBC02,,T11,TP2 TP13 TP27,297
3010,,6.1,,III,61 223 274,5 L,E1,P001 IBC03 LP01,,T7,TP2 TP28,297
3011,23,6.1,3,I,61 274,0,E5,P001,,T14,TP2 TP13 TP27,297
3011,23,6.1,3,II,61 274,100 ml,E4,P001 IBC02,,T11,TP2 TP13 TP27,297
3011,23,6.1,3,III,61 223 274,5 L,E1,P001 IBC03,,T7,TP2 TP28,297
3012,,6.1,,I,61 274,0,E5,P001,,T14,TP2 TP13 TP27,297
3012,,6.1,,II,61 274,100 ml,E4,P001 IBC02,,T11,TP2 TP13 TP27,297
3012,,6.1,,III,61 223 274,5 L,E1,P001 IBC03 LP01,,T7,TP2 TP28,298
3013,23,6.1,3,I,61 274,0,E5,P001,,T14,TP2 TP13 TP27,298
3013,23,6.1,3,II,61 274,100 ml,E4,P001 IBC02,,T11,TP2 TP13 TP27,298
3013,23,6.1,3,III,61 223 274,5 L,E1,P001 IBC03,,T7,TP2 TP28,298
3014,,6.1,,I,61 274,0,E5,P001,,T14,TP2 TP13 TP27,298
3014,,6.1,,II,61 274,100 ml,E4,P001 IBC02,,T11,TP2 TP13 TP27,298
3014,,6.1,,III,61 223 274,5 L,E1,P001 IBC03 LP01,,T7,TP2 TP28,298
3015,23,6.1,3,I,61 274,0,E5,P001,,T14,TP2 TP13 TP27,298
3015,23,6.1,3,II,61 274,100 ml,E4,P001 IBC02,,T11,TP2 TP13 TP27,298
3015,23,6.1,3,III,61 223 274,5 L,E1,P001 IBC03,,T7,TP2 TP28,298
3016,,6.1,,I,61 274,0,E5,P001,,T14,TP2 TP13 TP27,298
3016,,6.1,,II,61 274,100 ml,E4,P001 IBC02,,T11,TP2 TP13 TP27,298
3016,,6.1,,III,61 223 274,5 L,E1,P001 IBC03 LP01,,T7,TP2 TP28,298
3017,23,6.1,3,I,61 274,0,E5,P001,,T14,TP2 TP13 TP27,298
3017,23,6.1,3,II,61 274,100 ml,E4,P001 IBC02,,T11,TP2 TP13 TP27,298
3017,23,6.1,3,III,61 223 274,5 L,E1,P001 IBC03,,T7,TP2 TP28,298
3018,,6.1,,I,61 274,0,E5,P001,,T14,TP2 TP13 TP27,298
3018,,6.1,,II,61 274,100 ml,E4,P001 IBC02,,T11,TP2 TP13 TP27,299
3018,,6.1,,III,61 223 274,5 L,E1,P001 IBC03 LP01,,T7,TP2 TP28,299
3019,23,6.1,3,I,61 274,0,E5,P001,,T14,TP2 TP13 TP27,299
3019,23,6.1,3,II,61 274,100 ml,E4,P001 IBC02,,T11,TP2 TP13 TP27,299
3019,23,6.1,3,III,61 223 274,5 L,E1,P001 IBC03,,T7,TP2 TP28,299
3020,,6.1,,I,61 274,0,E5,P001,,T14,TP2 TP13 TP27,299
3020,,6.1,,II,61 274,100 ml,E4,P001 IBC02,,T11,TP2 TP13 TP27,299
3020,,6.1,,III,61 223 274,5 L,E1,P001 IBC03 LP01,,T7,TP2 TP28,299
3021,23,3,6.1,I,61 274,0,E0,P001,,T14,TP2 TP13 TP27,299
3021,23,3,6.1,II,61 274,1 L,E2,P001 IBC02,,T11,TP2 TP13 TP27,299
3022,"1,2-",3,,II,386,1 L,E2,P001 IBC02,,T4,TP1,299
3023,2--2-,6.1,3,I,354,0,E0,P602,,T20,TP2 TP13,299
3024,23,3,6.1,I,61 274,0,E0,P001,,T14,TP2 TP13 TP27,299
3024,23,3,6.1,II,61 274,1 L,E2,P001 IBC02,,T11,TP2 TP13 TP27,299
3025,23,6.1,3,I,61 274,0,E5,P001,,T14,TP2 TP13 TP27,299
3025,23,6.1,3,II,61 274,100 ml,E4,P001 IBC02,,T11,TP2 TP13 TP27,299
3025,23,6.1,3,III,61 223 274,5 L,E1,P001 IBC03,,T7,TP1 TP28,299
3026,,6.1,,I,61 274,0,E5,P001,,T14,TP2 TP13 TP27,300
3026,,6.1,,II,61 274,100 ml,E4,P001 IBC02,,T11,TP2 TP27,300
3026,,6.1,,III,61 223 274,5 L,E1,P001 IBC03 LP01,,T7,TP1 TP28,300
3027,,6.1,,I,61 274,0,E5,P002 IBC07,B1,T6,TP33,300
3027,,6.1,,II,61 274,500 g,E4,P002 IBC08,"B2, B4",T3,TP33,300
3027,,6.1,,III,61 223 274,5 kg,E1,P002 IBC08 LP02,B3,T1,TP33,300
3028,,8,,,295 304,2 kg,E0,P801,,,,300
3048,,6.1,,I,153,0,E0,P002 IBC07,B1,T6,TP33,300
3054,,3,,III,,5 L,E1,P001 IBC03 LP01,,T2,TP1,300
3055,2-(2-),8,,III,,5 L,E1,P001 IBC03 LP01,,T4,TP1,300
3056,,3,,III,,5 L,E1,P001 IBC03 LP01,,T2,TP1,300
3057,,2.3,8,,,0,E0,P200,,T50,TP21,300
3064,1% - 5%,3,,II,28 359,0,E0,P300,,,,300
3065,70%,3,,II,146,5 L,E2,P001 IBC02,PP2,T4,TP1,300
3065,24% - 70%,3,,III,144 145 247,5 L,E1,P001 IBC03,PP2,T2,TP1,300
3066,( ) ( ),8,,II,163 367,1 L,E2,P001 IBC02,,T7,TP2 TP28,300
3066,( ) ( ),8,,III,163 223 367,5 L,E1,P001 IBC03,,T4,TP1 TP29,300
3070,12.5%,2.2,,,392,120 ml,E1,P200,,T50,,300
3071,,6.1,3,II,274,100 ml,E4,P001 IBC02,,T11,TP2 TP13 TP27,301
3072,,9,,,296,0,E0,P905,,,,301
3073,,6.1,3 8,II,386,100 ml,E4,P001 IBC01,,T7,TP2 TP13,301
3077,,9,,III,274 331 335 375,5 kg,E1,P002 IBC08 LP02,PP12 B3,T1 BK2 BK3,TP33,301
3078,,4.3,,II,,500 g,E2,P410 IBC07,B2,T3,TP33,301
3079,,6.1,3,I,354 386,0,E0,P602,,T20,TP2 TP13,301
3080,,6.1,3,II,274,100 ml,E4,P001 IBC02,,T11,TP2 TP13 TP27,301
3082,,9,,III,274 331 335 357,5 L,E1,P001 IBC03 LP01,PP1,T4,TP1 TP29,301
3083,(),2.3,5.1,,,0,E0,P200,,,,301
3084,,8,5.1,I,274,0,E0,P002,,T6,TP33,301
3084,,8,5.1,II,274,1 kg,E2,P002 IBC06,B2,T3,TP33,301
3085,,5.1,8,I,274,0,E0,P503,,,,301
3085,,5.1,8,II,274,1 kg,E2,P002 IBC06,B2,T3,TP33,301
3085,,5.1,8,III,223 274,5 kg,E1,P002 IBC08,B3,T1,TP33,301
3086,,6.1,5.1,I,274,0,E5,P002,,T6,TP33,301
3086,,6.1,5.1,II,274,500 g,E4,P002 IBC06,B2,T3,TP33,301
3087,,5.1,6.1,I,274,0,E0,P503,,,,301
3087,,5.1,6.1,II,274,1 kg,E2,P002 IBC06,B2,T3,TP33,301
3087,,5.1,6.1,III,223 274,5 kg,E1,P002 IBC08,B3,T1,TP33,301
3088,,4.2,,II,274,0,E2,P410 IBC06,B2,T3,TP33,301
3088,,4.2,,III,223 274,0,E1,P002 IBC08 LP02,B3,T1,TP33,301
3089,,4.1,,II,,1 kg,E2,P002 IBC08,"B2, B4",T3,TP33,302
3089,,4.1,,III,223,5 kg,E1,P002 IBC08,"B2, B4",T1,TP33,302
3090,( ),9,,,188 230 310 376 377 384 387,0,E0,P903 P908 P909 P910 P911 LP903 LP904 LP905 LP906,,,,302
3091,( ),9,,,188 230 310 360 376 377 384 387 390,0,E0,P903 P908 P909 P910 P911 LP903 LP904 LP905 LP906,,,,302
3092,1--2-,3,,III,,5 L,E1,P001 IBC03 LP01,,T2,TP1,302
3093,,8,5.1,I,274,0,E0,P001,,,,302
3093,,8,5.1,II,274,1 L,E2,P001 IBC02,,,,302
3094,,8,4.3,I,274,0,E0,P001,,,,302
3094,,8,4.3,II,274,1 L,E2,P001,,,,302
3095,,8,4.2,I,274,0,E0,P002,,T6,TP33,302
3095,,8,4.2,II,274,1 kg,E2,P002 IBC06,B2,T3,TP33,302
3096,,8,4.3,I,274,0,E0,P002,,T6,TP33,302
3096,,8,4.3,II,274,1 kg,E2,P002 IBC06,B2,T3,TP33,302
3097,,4.1,5.1,II,274,1 kg,E0,P099,,,,302
3097,,4.1,5.1,III,223 274,5 kg,E0,P099,,T1,TP33,302
3098,,5.1,8,I,274,0,E0,P502,,,,302
3098,,5.1,8,II,274,1 L,E2,P504 IBC01,,,,302
3098,,5.1,8,III,223 274,5 L,E1,P504 IBC02,,,,302
3099,,5.1,6.1,I,274,0,E0,P502,,,,303
3099,,5.1,6.1,II,274,1 L,E2,P504 IBC01,,,,303
3099,,5.1,6.1,III,223 274,5 L,E1,P504 IBC02,,,,303
3100,,5.1,4.2,I,274,0,E0,P099,,,,303
3100,,5.1,4.2,II,274,0,E0,P099,,,,303
3101,B,5.2,,,122 181 195 274,25 ml,E0,P520,,,,303
3102,B,5.2,,,122 181 195 274,100 g,E0,P520,,,,303
3103,C,5.2,,,122 195 274,25 ml,E0,P520,,,,303
3104,C,5.2,,,122 195 274,100 g,E0,P520,,,,303
3105,D,5.2,,,122 274,125 ml,E0,P520,,,,303
3106,D,5.2,,,122 274,500 g,E0,P520,,,,303
3107,E,5.2,,,122 274,125 ml,E0,P520,,,,303
3108,E,5.2,,,122 274,500 g,E0,P520,,,,303
3109,F,5.2,,,122 274,125 ml,E0,P520 IBC520,,T23,,303
3110,F,5.2,,,122 274,500 g,E0,P520 IBC520,,T23,TP33,303
3111,B,5.2,,,122 181 195 274,0,E0,P520,,,,303
3112,B,5.2,,,122 181 195 274,0,E0,P520,,,,304
3113,C,5.2,,,122 195 274,0,E0,P520,,,,304
3114,C,5.2,,,122 195 274,0,E0,P520,,,,304
3115,D,5.2,,,122 274,0,E0,P520,,,,304
3116,D,5.2,,,122 274,0,E0,P520,,,,304
3117,E,5.2,,,122 274,0,E0,P520,,,,304
3118,E,5.2,,,122 274,0,E0,P520,,,,304
3119,F,5.2,,,122 274,0,E0,P520 IBC520,,T23,,304
3120,F,5.2,,,122 274,0,E0,P520 IBC520,,T23,TP33,304
3121,,5.1,4.3,I,274,0,E0,P099,,,,304
3121,,5.1,4.3,II,274,1 kg,E0,P099,,,,304
3122,,6.1,5.1,I,274 315,0,E0,P001,,,,304
3122,,6.1,5.1,II,274,100 ml,E4,P001 IBC02,,,,304
3123,,6.1,4.3,I,274 315,0,E0,P099,,,,304
3123,,6.1,4.3,II,274,100 ml,E4,P001 IBC02,,,,304
3124,,6.1,4.2,I,274,0,E5,P002,,T6,TP33,304
3124,,6.1,4.2,II,274,0,E4,P002 IBC06,B2,T3,TP33,304
3125,,6.1,4.3,I,274,0,E5,P099,,T6,TP33,304
3125,,6.1,4.3,II,274,500 g,E4,P002 IBC06,B2,T3,TP33,304
3126,,4.2,8,II,274,0,E2,P410 IBC05,B2,T3,TP33,305
3126,,4.2,8,III,223 274,0,E1,P002 IBC08,B3,T1,TP33,305
3127,,4.2,5.1,II,274,0,E0,P099,,T3,TP33,305
3127,,4.2,5.1,III,223 274,0,E0,P099,,T1,TP33,305
3128,,4.2,6.1,II,274,0,E2,P410 IBC05,B2,T3,TP33,305
3128,,4.2,6.1,III,223 274,0,E1,P002 IBC08,B3,T1,TP33,305
3129,,4.3,8,I,274,0,E0,P402,,T14,TP2 TP7 TP13,305
3129,,4.3,8,II,274,500 ml,E0,P402 IBC01,,T11,TP2 TP7,305
3129,,4.3,8,III,223 274,1 L,E1,P001 IBC02,,T7,TP2 TP7,305
3130,,4.3,6.1,I,274,0,E0,P402,,,,305
3130,,4.3,6.1,II,274,500 ml,E0,P402 IBC01,,,,305
3130,,4.3,6.1,III,223 274,1 L,E1,P001 IBC02,,,,305
3131,,4.3,8,I,274,0,E0,P403,,T9,TP7 TP33,305
3131,,4.3,8,II,274,500 g,E2,P410 IBC06,B2,T3,TP33,305
3131,,4.3,8,III,223 274,1 kg,E1,P410 IBC08,B4,T1,TP33,305
3132,,4.3,4.1,I,274,0,E0,P403 IBC99,,,,305
3132,,4.3,4.1,II,274,500 g,E2,P410 IBC04,,T3,TP33,305
3132,,4.3,4.1,III,223 274,1 kg,E1,P410 IBC06,,T1,TP33,305
3133,,4.3,5.1,II,274,500 g,E0,P099,,,,305
3133,,4.3,5.1,III,223 274,1 kg,E0,P099,,,,305
3134,,4.3,6.1,I,274,0,E0,P403,,,,305
3134,,4.3,6.1,II,274,500 g,E2,P410 IBC05,B2,T3,TP33,305
3134,,4.3,6.1,III,223 274,1 kg,E1,P410 IBC08,B4,T1,TP33,305
3135,,4.3,4.2,I,274,0,E0,P403,,,,305
3135,,4.3,4.2,II,274,0,E2,P410 IBC05,B2,T3,TP33,305
3135,,4.3,4.2,III,223 274,0,E1,P410 IBC08,B4,T1,TP33,306
3136,,2.2,,,,120 ml,E1,P203,,T75,TP5,306
3137,,5.1,4.1,I,274,0,E0,P099,,,,306
3138,71.5%22.5% 6%,2.1,,,,0,E0,P203,,T75,TP5,306
3139,,5.1,,I,274,0,E0,P502,,,,306
3139,,5.1,,II,274,1 L,E2,P504 IBC02,,,,306
3139,,5.1,,III,223 274,5 L,E1,P504 IBC02,,,,306
3140,,6.1,,I,43 274,0,E5,P001,,,,306
3140,,6.1,,II,43 274,100 ml,E4,P001 IBC02,,,,306
3140,,6.1,,III,43 223 274,5 L,E1,P001 IBC03 LP01,,,,306
3141,,6.1,,III,45 274,5 L,E1,P001 IBC03 LP01,,,,306
3142,,6.1,,I,274,0,E5,P001,,,,306
3142,,6.1,,II,274,100 ml,E4,P001 IBC02,,,,306
3142,,6.1,,III,223 274,5 L,E1,P001 IBC03 LP01,,,,306
3143,,6.1,,I,274,0,E5,P002 IBC07,B1,T6,TP33,306
3143,,6.1,,II,274,500 g,E4,P002 IBC08,"B2, B4",T3,TP33,306
3143,,6.1,,III,223 274,5 kg,E1,P002 IBC08 LP02,B3,T1,TP33,306
3144,,6.1,,I,43 274,0,E5,P001,,,,306
3144,,6.1,,II,43 274,100 ml,E4,P001 IBC02,,,,306
3144,,6.1,,III,43 223 274,5 L,E1,P001 IBC03 LP01,,,,307
3145,(C2-C12),8,,I,,0,E0,P001,,T14,TP2,307
3145,(C2-C12),8,,II,,1 L,E2,P001 IBC02,,T11,TP2 TP27,307
3145,(C2-C12),8,,III,223,5 L,E1,P001 IBC03 LP01,,T7,TP1 TP28,307
3146,,6.1,,I,43 274,0,E5,P002 IBC07,B1,T6,TP33,307
3146,,6.1,,II,43 274,500 g,E4,P002 IBC08,"B2, B4",T3,TP33,307
3146,,6.1,,III,43 223 274,5 kg,E1,P002 IBC08 LP02,B3,T1,TP33,307
3147,,8,,I,274,0,E0,P002 IBC07,B1,T6,TP33,307
3147,,8,,II,274,1 kg,E2,P002 IBC08,"B2, B4",T3,TP33,307
3147,,8,,III,223 274,5 kg,E1,P002 IBC08 LP02,B3,T1,TP33,307
3148,,4.3,,I,274,0,E0,P402,,T13,TP2 TP7 TP38,307
3148,,4.3,,II,274,500 ml,E2,P402 IBC01,,T7,TP2 TP7,307
3148,,4.3,,III,223 274,1 L,E1,P001 IBC02,,T7,TP2 TP7,307
3149,()5%,5.1,8,II,196,1 L,E2,P504 IBC02,PP10 B5,T7,TP2 TP6 TP24,307
3150,,2.1,,,,0,E0,P003,,,,307
3151,,9,,II,203 305,1 L,E2,P906 IBC02,,,,307
3152,,9,,II,203 305,1 kg,E2,P906 IBC08,"B2, B4",T3,TP33,307
3153,(),2.1,,,,0,E0,P200,,T50,,307
3154,(),2.1,,,,0,E0,P200,,,,307
3155,,6.1,,II,43,500 g,E4,P002 IBC08,"B2, B4",T3,TP33,307
3156,,2.2,5.1,,274,0,E0,P200,,,,307
3157,,2.2,5.1,,274,0,E0,P200,,,,308
3158,,2.2,,,274,120 ml,E1,P203,,T75,TP5,308
3159,"1,1,1,2- ( R 134a)",2.2,,,,120 ml,E1,P200,,T50,,308
3160,,2.3,2.1,,274,0,E0,P200,,,,308
3161,,2.1,,,274,0,E0,P200,,T50,,308
3162,,2.3,,,274,0,E0,P200,,,,308
3163,,2.2,,,274 392,120 ml,E1,P200,,T50,,308
3164,( ),2.2,,,283 371,120 ml,E0,P003,,,,308
3165,() (M86),3,6.1 8,,,0,E0,P301,,,,308
3166,,9,,,123 356 388,0,E0,,,,,308
3167,,2.1,,,209,0,E0,P201,,,,308
3168,,2.3,2.1,,209,0,E0,P201,,,,308
3169,,2.3,,,209,0,E0,P201,,,,308
3170,,4.3,,II,244,500 g,E2,P410 IBC07,B2,T3 BK2,TP33,308
3170,,4.3,,III,223 244,1 kg,E1,P002 IBC08,B4,T1 BK2,TP33,308
3171,,9,,,123 388,0,E0,,,,,308
3172,,6.1,,I,210 274,0,E5,P001,,,,308
3172,,6.1,,II,210 274,100 ml,E4,P001 IBC02,,,,308
3172,,6.1,,III,210 223 274,5 L,E1,P001 IBC03 LP01,,,,308
3174,,4.2,,III,,0,E1,P002 IBC08 LP02,B3,T1,TP33,308
3175,,4.1,,II,216 274,1 kg,E2,P002 IBC06,PP9 B2,T3 BK1 BK2,TP33,308
3176,,4.1,,II,274,0,E0,,,T3,TP3 TP26,308
3176,,4.1,,III,223 274,0,E0,IBC01,,T1,TP3 TP26,309
3178,,4.1,,II,274,1 kg,E2,P002 IBC08,"B2, B4",T3,TP33,309
3178,,4.1,,III,223 274,5 kg,E1,P002 IBC08 LP02,B3,T1,TP33,309
3179,,4.1,6.1,II,274,1 kg,E2,P002 IBC06,B2,T3,TP33,309
3179,,4.1,6.1,III,223 274,5 kg,E1,P002 IBC06,,T1,TP33,309
3180,,4.1,8,II,274,1 kg,E2,P002 IBC06,B2,T3,TP33,309
3180,,4.1,8,III,223 274,5 kg,E1,P002 IBC06,,T1,TP33,309
3181,,4.1,,II,274,1 kg,E2,P002 IBC08,"B2, B4",T3,TP33,309
3181,,4.1,,III,223 274,5 kg,E1,P002 IBC08 LP02,B3,T1,TP33,309
3182,,4.1,,II,274,1 kg,E2,P410 IBC04,PP40,T3,TP33,309
3182,,4.1,,III,223 274,5 kg,E1,P002 IBC04,,T1,TP33,309
3183,,4.2,,II,274,0,E2,P001 IBC02,,,,309
3183,,4.2,,III,223 274,0,E1,P001 IBC02,,,,309
3184,,4.2,6.1,II,274,0,E2,P402 IBC02,,,,309
3184,,4.2,6.1,III,223 274,0,E1,P001 IBC02,,,,309
3185,,4.2,8,II,274,0,E2,P402 IBC02,,,,309
3185,,4.2,8,III,223 274,0,E1,P001 IBC02,,,,309
3186,,4.2,,II,274,0,E2,P001 IBC02,,,,309
3186,,4.2,,III,223 274,0,E1,P001 IBC02,,,,309
3187,,4.2,6.1,II,274,0,E2,P402 IBC02,,,,309
3187,,4.2,6.1,III,223 274,0,E1,P001 IBC02,,,,309
3188,,4.2,8,II,274,0,E2,P402 IBC02,,,,309
3188,,4.2,8,III,223 274,0,E1,P001 IBC02,,,,309
3189,,4.2,,II,274,0,E2,P410 IBC06,B2,T3,TP33,309
3189,,4.2,,III,223 274,0,E1,P002 IBC08 LP02,B3,T1,TP33,310
3190,,4.2,,II,274,0,E2,P410 IBC06,B2,T3,TP33,310
3190,,4.2,,III,223 274,0,E1,P002 IBC08 LP02,B3,T1,TP33,310
3191,,4.2,6.1,II,274,0,E2,P410 IBC05,B2,T3,TP33,310
3191,,4.2,6.1,III,223 274,0,E1,P002 IBC08,B3,T1,TP33,310
3192,,4.2,8,II,274,0,E2,P410 IBC05,B2,T3,TP33,310
3192,,4.2,8,III,223 274,0,E1,P002 IBC08,B3,T1,TP33,310
3194,,4.2,,I,274,0,E0,P400,,,,310
3200,,4.2,,I,274,0,E0,P404,,T21,TP7 TP33,310
3205,,4.2,,II,183 274,0,E2,P410 IBC06,B2,T3,TP33,310
3205,,4.2,,III,183 223 274,0,E1,P002 IBC08 LP02,B3,T1,TP33,310
3206,,4.2,8,II,182 274,0,E2,P410 IBC05,B2,T3,TP33,310
3206,,4.2,8,III,182 223 274,0,E1,P002 IBC08,B3,T1,TP33,310
3208,,4.3,,I,274,0,E0,P403 IBC99,,,,310
3208,,4.3,,II,274,500 g,E2,P410 IBC07,B2,T3,TP33,310
3208,,4.3,,III,223 274,1 kg,E1,P410 IBC08,B4,T1,TP33,310
3209,,4.3,4.2,I,274,0,E0,P403,,,,310
3209,,4.3,4.2,II,274,0,E0,P410 IBC05,B2,T3,TP33,310
3209,,4.3,4.2,III,223 274,0,E1,P410 IBC08,B4,T1,TP33,310
3210,,5.1,,II,274 351,1 L,E2,P504 IBC02,,T4,TP1,310
3210,,5.1,,III,223 274 351,5 L,E1,P504 IBC02,,T4,TP1,310
3211,,5.1,,II,,1 L,E2,P504 IBC02,,T4,TP1,310
3211,,5.1,,III,223,5 L,E1,P504 IBC02,,T4,TP1,310
3212,,5.1,,II,274 349,1 kg,E2,P002 IBC08,"B2, B4",T3,TP33,311
3213,,5.1,,II,274 350,1 L,E2,P504 IBC02,,T4,TP1,311
3213,,5.1,,III,223 274 350,5 L,E1,P504 IBC02,,T4,TP1,311
3214,,5.1,,II,206 274 353,1 L,E2,P504 IBC02,,T4,TP1,311
3215,,5.1,,III,,5 kg,E1,P002 IBC08 LP02,B3,T1,TP33,311
3216,,5.1,,III,,5 L,E1,P504 IBC02,,T4,TP1 TP29,311
3218,,5.1,,II,270,1 L,E2,P504 IBC02,,T4,TP1,311
3218,,5.1,,III,223 270,5 L,E1,P504 IBC02,,T4,TP1,311
3219,,5.1,,II,103 274,1 L,E2,P504 IBC01,,T4,TP1,311
3219,,5.1,,III,103 223 274,5 L,E1,P504 IBC02,,T4,TP1,311
3220,(R 125),2.2,,,,120 ml,E1,P200,,T50,,311
3221,B,4.1,,,181 274,25 ml,E0,P520,PP21,,,311
3222,B,4.1,,,181 274,100 g,E0,P520,PP21,,,311
3223,C,4.1,,,274,25 ml,E0,P520,PP21 PP94 PP95,,,311
3224,C,4.1,,,274,100 g,E0,P520,PP21 PP94 PP95,,,311
3225,D,4.1,,,274,125 ml,E0,P520,,,,311
3226,D,4.1,,,274,500 g,E0,P520,,,,311
3227,E,4.1,,,274,125 ml,E0,P520,,,,311
3228,E,4.1,,,274,500 g,E0,P520,,,,311
3229,F,4.1,,,274,125 ml,E0,P520 IBC99,,T23,,311
3230,F,4.1,,,274,500 g,E0,P520 IBC99,,T23,,311
3231,B,4.1,,,181 194 274,0,E0,P520,PP21,,,311
3232,B,4.1,,,181 194 274,0,E0,P520,PP21,,,312
3233,C,4.1,,,194 274,0,E0,P520,PP21,,,312
3234,C,4.1,,,194 274,0,E0,P520,PP21,,,312
3235,D,4.1,,,194 274,0,E0,P520,,,,312
3236,D,4.1,,,194 274,0,E0,P520,,,,312
3237,E,4.1,,,194 274,0,E0,P520,,,,312
3238,E,4.1,,,194 274,0,E0,P520,,,,312
3239,F,4.1,,,194 274,0,E0,P520,,T23,,312
3240,F,4.1,,,194 274,0,E0,P520,,T23,,312
3241,"2--2--1,3-",4.1,,III,246,5 kg,E1,P520 IBC08,PP22 B3,,,312
3242,,4.1,,II,215,1 kg,E0,P409,,T3,TP33,312
3243,,6.1,,II,217 274,500 g,E4,P002 IBC02,PP9,T2 BK1 BK2,TP33,312
3244,,8,,II,218 274,1 kg,E2,P002 IBC05,PP9,T3 BK1 BK2,TP33,312
3245,,9,,,219,0,E0,P904 IBC99,,,,312
3246,,6.1,8,I,354,0,E0,P602,,T20,TP2 TP13,312
3247,,5.1,,II,,1 kg,E2,P002 IBC08,"B2, B4",T3,TP33,312
3248,,3,6.1,II,220 221,1 L,E2,P001,,,,312
3248,,3,6.1,III,220 221 223,5 L,E1,P001,,,,312
3249,,6.1,,II,221,500 g,E4,P002,,T3,TP33,312
3249,,6.1,,III,221 223,5 kg,E1,P002,,T1,TP33,312
3250,,6.1,8,II,,0,E0,,,T7,TP3 TP28,312
3251,-5-,4.1,,III,132 226,5 kg,E0,P409,,,,312
3252,( R 32),2.1,,,,0,E0,P200,,T50,,312
3253,,8,,III,,5 kg,E1,P002 IBC08 LP02,B3,T1,TP33,313
3254,,4.2,,I,,0,E0,P400,,T21,TP2 TP7,313
3255,,4.2,8,I,,0,E0,P099,,,,313
3256,60,3,,III,274,0,E0,P099 IBC01,,T3,TP3 TP29,313
3257,100 ( ),9,,III,232 274,0,E0,P099 IBC01,,T3,TP3 TP29,313
3258,240,9,,III,232 274,0,E0,P099,,,,313
3259,,8,,I,274,0,E0,P002 IBC07,B1,T6,TP33,313
3259,,8,,II,274,1 kg,E2,P002 IBC08,"B2, B4",T3,TP33,313
3259,,8,,III,223 274,5 kg,E1,P002 IBC08 LP02,B3,T1,TP33,313
3260,,8,,I,274,0,E0,P002 IBC07,B1,T6,TP33,313
3260,,8,,II,274,1 kg,E2,P002 IBC08,"B2, B4",T3,TP33,313
3260,,8,,III,223 274,5 kg,E1,P002 IBC08 LP02,B3,T1,TP33,313
3261,,8,,I,274,0,E0,P002 IBC07,B1,T6,TP33,313
3261,,8,,II,274,1 kg,E2,P002 IBC08,"B2, B4",T3,TP33,313
3261,,8,,III,223 274,5 kg,E1,P002 IBC08 LP02,B3,T1,TP33,313
3262,,8,,I,274,0,E0,P002 IBC07,B1,T6,TP33,313
3262,,8,,II,274,1 kg,E2,P002 IBC08,"B2, B4",T3,TP33,313
3262,,8,,III,223 274,5 kg,E1,P002 IBC08 LP02,B3,T1,TP33,313
3263,,8,,I,274,0,E0,P002 IBC07,B1,T6,TP33,313
3263,,8,,II,274,1 kg,E2,P002 IBC08,"B2, B4",T3,TP33,313
3263,,8,,III,223 274,5 kg,E1,P002 IBC08 LP02,B3,T1,TP33,314
3264,,8,,I,274,0,E0,P001,,T14,TP2 TP27,314
3264,,8,,II,274,1 L,E2,P001 IBC02,,T11,TP2 TP27,314
3264,,8,,III,223 274,5 L,E1,P001 IBC03 LP01,,T7,TP1 TP28,314
3265,,8,,I,274,0,E0,P001,,T14,TP2 TP27,314
3265,,8,,II,274,1 L,E2,P001 IBC02,,T11,TP2 TP27,314
3265,,8,,III,223 274,5 L,E1,P001 IBC03 LP01,,T7,TP1 TP28,314
3266,,8,,I,274,0,E0,P001,,T14,TP2 TP27,314
3266,,8,,II,274,1 L,E2,P001 IBC02,,T11,TP2 TP27,314
3266,,8,,III,223 274,5 L,E1,P001 IBC03 LP01,,T7,TP1 TP28,314
3267,,8,,I,274,0,E0,P001,,T14,TP2 TP27,314
3267,,8,,II,274,1 L,E2,P001 IBC02,,T11,TP2 TP27,314
3267,,8,,III,223 274,5 L,E1,P001 IBC03 LP01,,T7,TP1 TP28,314
3268,,9,,,280 289,0,E0,P902 LP902,,,,314
3269,,3,,II,236 340,5 L,3.3 340,P302,,,,314
3269,,3,,III,236 340,5 L,3.3 340,P302,,,,314
3270,12.6%,4.1,,II,237 286 403,1 kg,E2,P411,,,,314
3271,,3,,II,274,1 L,E2,P001 IBC02,,T7,TP1 TP8 TP28,314
3271,,3,,III,223 274,5 L,E1,P001 IBC03 LP01,,T4,TP1 TP29,315
3272,,3,,II,274,1 L,E2,P001 IBC02,,T7,TP1 TP8 TP28,315
3272,,3,,III,223 274,5 L,E1,P001 IBC03 LP01,,T4,TP1 TP29,315
3273,,3,6.1,I,274,0,E0,P001,,T14,TP2 TP13 TP27,315
3273,,3,6.1,II,274,1 L,E2,P001 IBC02,,T11,TP2 TP13 TP27,315
3274,,3,8,II,274,1 L,E2,P001 IBC02,,,,315
3275,,6.1,3,I,274 315,0,E5,P001,,T14,TP2 TP13 TP27,315
3275,,6.1,3,II,274,100 ml,E4,P001 IBC02,,T11,TP2 TP13 TP27,315
3276,,6.1,,I,274 315,0,E5,P001,,T14,TP2 TP13 TP27,315
3276,,6.1,,II,274,100 ml,E4,P001 IBC02,,T11,TP2 TP27,315
3276,,6.1,,III,223 274,5 L,E1,P001 IBC03 LP01,,T7,TP1 TP28,315
3277,,6.1,8,II,274,100 ml,E4,P001 IBC02,,T8,TP2 TP13 TP28,315
3278,,6.1,,I,43 274 315,0,E5,P001,,T14,TP2 TP13 TP27,315
3278,,6.1,,II,43 274,100 ml,E4,P001 IBC02,,T11,TP2 TP27,315
3278,,6.1,,III,43 223 274,5 L,E1,P001 IBC03 LP01,,T7,TP1 TP28,315
3279,,6.1,3,I,43 274 315,0,E5,P001,,T14,TP2 TP13 TP27,315
3279,,6.1,3,II,43 274,100 ml,E4,P001,,T11,TP2 TP13 TP27,315
3280,,6.1,,I,274 315,0,E5,P001,,T14,TP2 TP13 TP27,315
3280,,6.1,,II,274,100 ml,E4,P001 IBC02,,T11,TP2 TP27,316
3280,,6.1,,III,223 274,5 L,E1,P001 IBC03 LP01,,T7,TP1 TP28,316
3281,,6.1,,I,274 315,0,E5,P601,,T14,TP2 TP13 TP27,316
3281,,6.1,,II,274,100 ml,E4,P001 IBC02,,T11,TP2 TP27,316
3281,,6.1,,III,223 274,5 L,E1,P001 IBC03 LP01,,T7,TP1 TP28,316
3282,,6.1,,I,274,0,E5,P001,,T14,TP2 TP13 TP27,316
3282,,6.1,,II,274,100 ml,E4,P001 IBC02,,T11,TP2 TP27,316
3282,,6.1,,III,223 274,5 L,E1,P001 IBC03 LP01,,T7,TP1 TP28,316
3283,,6.1,,I,274,0,E5,P002 IBC07,B1,T6,TP33,316
3283,,6.1,,II,274,500 g,E4,P002 IBC08,"B2, B4",T3,TP33,316
3283,,6.1,,III,223 274,5 kg,E1,P002 IBC08 LP02,B3,T1,TP33,316
3284,,6.1,,I,274,0,E5,P002 IBC07,B1,T6,TP33,316
3284,,6.1,,II,274,500 g,E4,P002 IBC08,"B2, B4",T3,TP33,316
3284,,6.1,,III,223 274,5 kg,E1,P002 IBC08 LP02,B3,T1,TP33,316
3285,,6.1,,I,274,0,E5,P002 IBC07,B1,T6,TP33,316
3285,,6.1,,II,274,500 g,E4,P002 IBC08,"B2, B4",T3,TP33,316
3285,,6.1,,III,223 274,5 kg,E1,P002 IBC08 LP02,B3,T1,TP33,316
3286,,3,6.1 8,I,274,0,E0,P001,,T14,TP2 TP13 TP27,316
3286,,3,6.1 8,II,274,1 L,E2,P001 IBC99,,T11,TP2 TP13 TP27,316
3287,,6.1,,I,274 315,0,E5,P001,,T14,TP2 TP13 TP27,316
3287,,6.1,,II,274,100 ml,E4,P001 IBC02,,T11,TP2 TP27,317
3287,,6.1,,III,223 274,5 L,E1,P001 IBC03 LP01,,T7,TP1 TP28,317
3288,,6.1,,I,274,0,E5,P002 IBC99,,T6,TP33,317
3288,,6.1,,II,274,500 g,E4,P002 IBC08,"B2, B4",T3,TP33,317
3288,,6.1,,III,223 274,5 kg,E1,P002 IBC08 LP02,B3,T1,TP33,317
3289,,6.1,8,I,274 315,0,E5,P001,,T14,TP2 TP13 TP27,317
3289,,6.1,8,II,274,100 ml,E4,P001 IBC02,,T11,TP2 TP27,317
3290,,6.1,8,I,274,0,E5,P002 IBC99,,T6,TP33,317
3290,,6.1,8,II,274,500 g,E4,P002 IBC06,B2,T3,TP33,317
3291,( ),6.2,,,,0,E0,P621 IBC620 LP621,,BK2,,317
3292,,4.3,,,239 401,0,E0,P408,,,,317
3293,37%,6.1,,III,223,5 L,E1,P001 IBC03 LP01,,T4,TP1,317
3294,45%,6.1,3,I,,0,E0,P601,,T14,TP2 TP13,317
3295,,3,,I,,500 ml,E3,P001,,T11,TP1 TP8 TP28,317
3295,,3,,II,,1 L,E2,P001 IBC02,,T7,TP1 TP8 TP28,317
3295,,3,,III,223,5 L,E1,P001 IBC03 LP01,,T4,TP1 TP29,317
3296,(R 227),2.2,,,,120 ml,E1,P200,,T50,,317
3297,8.8%,2.2,,,392,120 ml,E1,P200,,T50,,317
3298,7.9%,2.2,,,392,120 ml,E1,P200,,T50,,317
3299,5.6%,2.2,,,392,120 ml,E1,P200,,T50,,317
3300,87%,2.3,2.1,,,0,E0,P200,,,,318
3301,,8,4.2,I,274,0,E0,P001,,,,318
3301,,8,4.2,II,274,0,E2,P001,,,,318
3302,2-,6.1,,II,386,100 ml,E4,P001 IBC02,,T7,TP2,318
3303,,2.3,5.1,,274,0,E0,P200,,,,318
3304,,2.3,8,,274,0,E0,P200,,,,318
3305,,2.3,2.1 8,,274,0,E0,P200,,,,318
3306,,2.3,5.1 8,,274,0,E0,P200,,,,318
3307,,2.3,5.1,,274,0,E0,P200,,,,318
3308,,2.3,8,,274,0,E0,P200,,,,318
3309,,2.3,2.1 8,,274,0,E0,P200,,,,318
3310,,2.3,5.18,,274,0,E0,P200,,,,318
3311,,2.2,5.1,,274,0,E0,P203,,T75,TP5 TP22,318
3312,,2.1,,,274,0,E0,P203,,T75,TP5,318
3313,,4.2,,II,,0,E2,P002 IBC08,"B2, B4",T3,TP33,318
3313,,4.2,,III,223,0,E1,P002 IBC08 LP02,B3,T1,TP33,318
3314,,9,,III,207,5 kg,E1,P002 IBC08,"PP14 B3, B6",,,318
3315,,6.1,,I,250,0,E0,P099,,,,318
3316,,9,,,251 340,3.3 251,3.3 340,P901,,,,318
3317,"2--4,6- 20%",4.1,,I,28,0,E0,P406,PP26,,,318
3318,"15 0.880, 50%",2.3,8,,23,0,E0,P200,,T50,,319
3319,2%10%,4.1,,II,28 272 274,0,E0,P099,,,,319
3320,12% 40%,8,,II,,1 L,E2,P001 IBC02,,T7,TP2,319
3320,12% 40%,8,,III,223,5 L,E1,P001 IBC03 LP01,,T4,TP2,319
3321,(LSA-II),7,,,172 317 325 336,0,E0,2.74.1.9 T5 TP4,,,,319
3322,(LSA-III),7,,,172 317 325 336,0,E0,2.74.1.9 T5 TP4,,,,319
3323,C,7,,,172 317 325,0,E0,2.74.1.9,,,,319
3324,(LSA-II),7,,,172 326 336,0,E0,2.74.1.9,,,,319
3325,(LSA-III),7,,,172 326 336,0,E0,2.74.1.9,,,,319
3326,(SCO-ISCO-II),7,,,172 326,0,E0,2.74.1.9,,,,319
3327,A,7,,,172 326,0,E0,2.74.1.9,,,,319
3328,B(U),7,,,172 326 337,0,E0,2.74.1.9,,,,319
3329,B(M),7,,,172 326 337,0,E0,2.74.1.9,,,,319
3330,C,7,,,172 326,0,E0,2.74.1.9,,,,319
3331,,7,,,172 326,0,E0,2.74.1.9,,,,319
3332,A,7,,,172 317,0,E0,2.74.1.9,,,,319
3333,A,7,,,172,0,E0,2.74.1.9,,,,320
3334,,9,,,106 274 276,0,E1,N/A,,,,320
3335,,9,,,106 274 276,0,E1,N/A,,,,320
3336,,3,,I,274,0,E0,P001,,T11,TP2,320
3336,,3,,II,274,1 L,E2,P001 IBC02,,T7,TP1 TP8 TP28,320
3336,,3,,III,223 274,5 L,E1,P001 IBC03 LP01,,T4,TP1 TP29,320
3337,R 404A,2.2,,,,120 ml,E1,P200,,T50,,320
3338,R 407A,2.2,,,,120 ml,E1,P200,,T50,,320
3339,R 407B,2.2,,,,120 ml,E1,P200,,T50,,320
3340,R 407C,2.2,,,,120 ml,E1,P200,,T50,,320
3341,,4.2,,II,,0,E2,P002 IBC06,B2,T3,TP33,320
3341,,4.2,,III,223,0,E1,P002 IBC08 LP02,B3,T1,TP33,320
3342,,4.2,,II,,0,E2,P002 IBC06,B2,T3,TP33,320
3342,,4.2,,III,223,0,E1,P002 IBC08 LP02,B3,T1,TP33,320
3343,30%,3,,,28 274 278,0,E0,P099,,,,320
3344,( ) 10%20%,4.1,,II,28 272 274,0,E0,P406,PP26 PP80,,,320
3345,,6.1,,I,61 274,0,E5,P002 IBC07,B1,T6,TP33,320
3345,,6.1,,II,61 274,500 g,E4,P002 IBC08,"B2, B4",T3,TP33,320
3345,,6.1,,III,61 223 274,5 kg,E1,P002 IBC08 LP02,B3,T1,TP33,320
3346,23,3,6.1,I,61 274,0,E0,P001,,T14,TP2 TP13 TP27,321
3346,23,3,6.1,II,61 274,1 L,E2,P001 IBC02,,T11,TP2 TP13 TP27,321
3347,23,6.1,3,I,61 274,0,E5,P001,,T14,TP2 TP13 TP27,321
3347,23,6.1,3,II,61 274,100 ml,E4,P001 IBC02,,T11,TP2 TP13 TP27,321
3347,23,6.1,3,III,61 223 274,5 L,E1,P001 IBC03,,T7,TP2 TP28,321
3348,,6.1,,I,61 274,0,E5,P001,,T14,TP2 TP13 TP27,321
3348,,6.1,,II,61 274,100 ml,E4,P001 IBC02,,T11,TP2 TP27,321
3348,,6.1,,III,61 223 274,5 L,E1,P001 IBC03 LP01,,T7,TP2 TP28,321
3349,,6.1,,I,61 274,0,E5,P002 IBC07,B1,T6,TP33,321
3349,,6.1,,II,61 274,500 g,E4,P002 IBC08,"B2, B4",T3,TP33,321
3349,,6.1,,III,61 223 274,5 kg,E1,P002 IBC08 LP02,B3,T1,TP33,321
3350,23,3,6.1,I,61 274,0,E0,P001,,T14,TP2 TP13 TP27,321
3350,23,3,6.1,II,61 274,1 L,E2,P001 IBC02,,T11,TP2 TP13 TP27,321
3351,23,6.1,3,I,61 274,0,E5,P001,,T14,TP2 TP13 TP27,321
3351,23,6.1,3,II,61 274,100 ml,E4,P001 IBC02,,T11,TP2 TP13 TP27,321
3351,23,6.1,3,III,61 223 274,5 L,E1,P001 IBC03,,T7,TP2 TP28,321
3352,,6.1,,I,61 274,0,E5,P001,,T14,TP2 TP13 TP27,321
3352,,6.1,,II,61 274,100 ml,E4,P001 IBC02,,T11,TP2 TP27,321
3352,,6.1,,III,61 223 274,5 L,E1,P001 IBC03 LP01,,T7,TP2 TP28,322
3354,,2.1,,,274,0,E0,P200,,,,322
3355,,2.3,2.1,,274,0,E0,P200,,,,322
3356,†,5.1,,,284,0,E0,P500,,,,322
3357,30%,3,,II,28 274 288,0,E0,P099,,,,322
3358,,2.1,,,291,0,E0,P003,PP32,,,322
3359,,9,,,302,0,E0,,,,,322
3360,,4.1,,,29 123 299,0,E0,P003,PP19,,,322
3361,,6.1,8,II,274,0,E0,P010,,T14,TP2 TP7 TP13 TP27,322
3362,,6.1,3 8,II,274,0,E0,P010,,T14,TP2 TP7 TP13 TP27,322
3363,,9,,,301,0,E0,P907,,,,322
3364,() 10%,4.1,,I,28,0,E0,P406,PP24,,,322
3365,() 10%,4.1,,I,28,0,E0,P406,PP24,,,322
3366,() 10%,4.1,,I,28,0,E0,P406,PP24,,,322
3367,10%,4.1,,I,28,0,E0,P406,PP24,,,322
3368,10%,4.1,,I,28,0,E0,P406,PP24,,,322
3369,10%,4.1,,I,28,0,E0,P406,PP24,,,322
3370,10%,4.1,,I,28,0,E0,P406,PP78,,,322
3371,2-,3,,II,,1 L,E2,P001 IBC02,,T4,TP1,322
3373,B,6.2,,,319 341,0,E0,P650,,T1 BK1 BK2,TP1,322
3374,,2.1,,,,0,E0,P200,,,,322
3375,,5.1,,II,309,0,E2,P505 IBC02,B16,T1,TP1 TP9 TP17 TP32,323
3376,4- 30%,4.1,,I,28,0,E0,P406,PP26,,,323
3377,,5.1,,III,,5 kg,E1,P002 IBC08 LP02,B3,T1 BK1 BK2 BK3,TP33,323
3378,,5.1,,II,,1 kg,E2,P002 IBC08,"B2, B4",T3 BK1 BK2,TP33,323
3378,,5.1,,III,,5 kg,E1,P002 IBC08 LP02,B3,T1 BK1 BK2 BK3,TP33,323
3379,,3,,I,274 311,0,E0,P099,,,,323
3380,,4.1,,I,274 311 394,0,E0,P099,,,,323
3381,LC50200 / 500 LC50,6.1,,I,274,0,E0,P601,,T22,TP2 TP13,323
3382,LC501000 / 10LC50,6.1,,I,274,0,E0,P602,,T20,TP2 TP13,323
3383,LC50 200/ 500LC50,6.1,3,I,274,0,E0,P601,,T22,TP2 TP13,323
3384,LC50 1000/ 10LC50,6.1,3,I,274,0,E0,P602,,T20,TP2 TP13,323
3385,LC50 200/ 500 LC50,6.1,4.3,I,274,0,E5,P601,,T22,TP2 TP13,323
3386,LC50 1000/ 10LC50,6.1,4.3,I,274,0,E0,P602,,T20,TP2 TP13,323
3387,LC50 200/,6.1,5.1,I,274,0,E0,P601,,T22,TP2 TP13,323
3388,LC50 1000/ 10LC50,6.1,5.1,I,274,0,E0,P602,,T20,TP2 TP13,324
3389,LC50 200/ 500LC50,6.1,8,I,274,0,E0,P601,,T22,TP2 TP13,324
3390,LC50 1000/ 10LC50,6.1,8,I,274,0,E0,P602,,T20,TP2 TP13,324
3391,,4.2,,I,274,0,E0,P404,PP86,T21,TP7 TP33 TP36,324
3392,,4.2,,I,274,0,E0,P400,PP86,T21,TP2 TP7 TP36,324
3393,,4.2,4.3,I,274,0,E0,P404,PP86,T21,TP7 TP33 TP36 TP41,324
3394,,4.2,4.3,I,274,0,E0,P400,PP86,T21,TP2 TP7 TP36 TP41,324
3395,,4.3,,I,274,0,E0,P403,,T9,TP7 TP33 TP36 TP41,324
3395,,4.3,,II,274,500 g,E2,P410 IBC04,,T3,TP33 TP36 TP41,324
3395,,4.3,,III,223 274,1 kg,E1,P410 IBC06,,T1,TP33 TP36 TP41,324
3396,,4.3,4.1,I,274,0,E0,P403,,T9,TP7 TP33 TP36 TP41,324
3396,,4.3,4.1,II,274,500 g,E2,P410 IBC04,,T3,TP33 TP36 TP41,324
3396,,4.3,4.1,III,223 274,1 kg,E1,P410 IBC06,,T1,TP33 TP36 TP41,324
3397,,4.3,4.2,I,274,0,E0,P403,,T9,TP7 TP33 TP36 TP41,325
3397,,4.3,4.2,II,274,500 g,E2,P410 IBC04,,T3,TP33 TP36 TP41,325
3397,,4.3,4.2,III,223 274,1 kg,E1,P410 IBC06,,T1,TP33 TP36 TP41,325
3398,,4.3,,I,274,0,E0,P402,,T13,TP2 TP7 TP36 TP41,325
3398,,4.3,,II,274,500 ml,E2,P001 IBC01,,T7,TP2 TP7 TP36 TP41,325
3398,,4.3,,III,223 274,1 L,E1,P001 IBC02,,T7,TP2 TP7 TP36 TP41,325
3399,,4.3,3,I,274,0,E0,P402,,T13,TP2 TP7 TP36 TP41,325
3399,,4.3,3,II,274,500 ml,E2,P001 IBC01,,T7,TP2 TP7 TP36 TP41,325
3399,,4.3,3,III,223 274,1 L,E1,P001 IBC02,,T7,TP2 TP7 TP36 TP41,325
3400,,4.2,,II,274,500 g,E2,P410 IBC06,,T3,TP33 TP36,325
3400,,4.2,,III,223 274,1 kg,E1,P002 IBC08,,T1,TP33 TP36,325
3401,,4.3,,I,182,0,E0,P403,,T9,TP7 TP33,325
3402,,4.3,,I,183,0,E0,P403,,T9,TP7 TP33,325
3403,,4.3,,I,,0,E0,P403,,T9,TP7 TP33,325
3404,,4.3,,I,,0,E0,P403,,T9,TP7 TP33,325
3405,,5.1,6.1,II,,1 L,E2,P504 IBC02,,T4,TP1,325
3405,,5.1,6.1,III,223,5 L,E1,P001 IBC02,,T4,TP1,325
3406,,5.1,6.1,II,,1 L,E2,P504 IBC02,,T4,TP1,326
3406,,5.1,6.1,III,223,5 L,E1,P001 IBC02,,T4,TP1,326
3407,,5.1,,II,,1 L,E2,P504 IBC02,,T4,TP1,326
3407,,5.1,,III,223,5 L,E1,P504 IBC02,,T4,TP1,326
3408,,5.1,6.1,II,,1 L,E2,P504 IBC02,,T4,TP1,326
3408,,5.1,6.1,III,223,5 L,E1,P001 IBC02,,T4,TP1,326
3409,,6.1,,II,279,100 ml,E4,P001 IBC02,,T7,TP2,326
3410,,6.1,,III,223,5 L,E1,P001 IBC03,,T4,TP1,326
3411,-,6.1,,II,,100 ml,E4,P001 IBC02,,T7,TP2,326
3411,-,6.1,,III,223,5 L,E1,P001 IBC02,,T7,TP2,326
3412,10%-85%,8,,II,,1 L,E2,P001 IBC02,,T7,TP2,326
3412,5%-10%,8,,III,,5 L,E1,P001 IBC03 LP01,,T4,TP1,326
3413,,6.1,,I,,0,E5,P001,,T14,TP2 TP13,326
3413,,6.1,,II,,100 ml,E4,P001 IBC02,,T11,TP2 TP13 TP27,326
3413,,6.1,,III,223,5 L,E1,P001 IBC03 LP01,,T7,TP2 TP13 TP28,326
3414,,6.1,,I,,0,E5,P001,,T14,TP2 TP13,326
3414,,6.1,,II,,100 ml,E4,P001 IBC02,,T11,TP2 TP13 TP27,326
3414,,6.1,,III,223,5 L,E1,P001 IBC03 LP01,,T7,TP2 TP13 TP28,326
3415,,6.1,,III,223,5 L,E1,P001 IBC03 LP01,,T4,TP1,326
3416,,6.1,,II,,0,E0,P001 IBC02,,T7,TP2 TP13,326
3417,(),6.1,,II,,0,E4,P002 IBC08,"B2, B4",T3,TP33,326
3418,"2,4-",6.1,,III,223,5 L,E1,P001 IBC03 LP01,,T4,TP1,326
3419,,8,,II,,1 kg,E2,P002 IBC08,"B2, B4",T3,TP33,327
3420,,8,,II,,1 kg,E2,P002 IBC08,"B2, B4",T3,TP33,327
3421,,8,6.1,II,,1 L,E2,P001 IBC02,,T7,TP2,327
3421,,8,6.1,III,223,5 L,E1,P001 IBC03,,T4,TP1,327
3422,,6.1,,III,223,5 L,E1,P001 IBC03 LP01,,T4,TP1,327
3423,,6.1,8,I,279 409,0,E5,P002 IBC99,,T6,TP33,327
3424,,6.1,,II,,100 ml,E4,P001 IBC02,,T7,TP2,327
3424,,6.1,,III,223,5 L,E1,P001 IBC02,,T7,TP2,327
3425,,8,,II,,1 kg,E2,P002 IBC08,"B2, B4",T3,TP33,327
3426,,6.1,,III,223,5 L,E1,P001 IBC03 LP01,,T4,TP1,327
3427,,6.1,,III,,5 kg,E1,P002 IBC08 LP02,B3,T1,TP33,327
3428,3--4-,6.1,,II,,500 g,E4,P002 IBC08,"B2, B4",T3,TP33,327
3429,,6.1,,III,,5 L,E1,P001 IBC03 LP01,,T4,TP1,327
3430,,6.1,,II,,100 ml,E4,P001 IBC02,,T7,TP2,327
3431,,6.1,,II,,500 g,E4,P002 IBC08,"B2, B4",T3,TP33,327
3432,,9,,II,305,1 kg,E2,P906 IBC08,"B2, B4",T3,TP33,327
3434,,6.1,,III,,5 L,E1,P001 IBC03 LP01,,T4,TP1,327
3436,,6.1,,II,,500 g,E4,P002 IBC08,"B2, B4",T3,TP33,327
3437,,6.1,,II,,500 g,E4,P002 IBC08,"B2, B4",T3,TP33,327
3438,-,6.1,,III,,5 kg,E1,P002 IBC08 LP02,B3,T1,TP33,327
3439,,6.1,,I,274,0,E5,P002 IBC07,B1,T6,TP33,327
3439,,6.1,,II,274,500 g,E4,P002 IBC08,"B2, B4",T3,TP33,327
3439,,6.1,,III,223 274,5 kg,E1,P002 IBC08 LP02,B3,T1,TP33,328
3440,,6.1,,I,274,0,E5,P001,,T14,TP2 TP27,328
3440,,6.1,,II,274,100 ml,E4,P001 IBC02,,T11,TP2 TP27,328
3440,,6.1,,III,223 274,5 L,E1,P001 IBC03,,T7,TP1 TP28,328
3441,,6.1,,II,279,500 g,E4,P002 IBC08,"B2, B4",T3,TP33,328
3442,,6.1,,II,279,500 g,E4,P002 IBC08,"B2, B4",T3,TP33,328
3443,,6.1,,II,,500 g,E4,P002 IBC08,"B2, B4",T3,TP33,328
3444,,6.1,,II,43,500 g,E4,P002 IBC08,"B2, B4",T3,TP33,328
3445,,6.1,,II,,500 g,E4,P002 IBC08,"B2, B4",T3,TP33,328
3446,,6.1,,II,,500 g,E4,P002 IBC08,"B2, B4",T3,TP33,328
3447,,6.1,,II,,500 g,E4,P002 IBC08,"B2, B4",T3,TP33,328
3448,,6.1,,I,274,0,E0,P002,,T6,TP33,328
3448,,6.1,,II,274,0,E0,P002 IBC08,"B2, B4",T3,TP33,328
3449,,6.1,,I,138,0,E5,P002,,T6,TP33,328
3450,,6.1,,I,,0,E0,P002 IBC07,B1,T6,TP33,328
3451,,6.1,,II,279,500 g,E4,P002 IBC08,"B2, B4",T3,TP33,328
3452,,6.1,,II,,500 g,E4,P002 IBC08,"B2, B4",T3,TP33,328
3453,,8,,III,,5 kg,E1,P002 IBC08 LP02,B3,T1,TP33,328
3454,,6.1,,II,,500 g,E4,P002 IBC08,"B2, B4",T3,TP33,328
3455,,6.1,8,II,,500 g,E4,P002 IBC08,"B2, B4",T3,TP33,328
3456,,8,,II,,1 kg,E2,P002 IBC08,"B2, B4",T3,TP33,328
3457,,6.1,,III,,5 kg,E1,P002 IBC08 LP02,B3,T1,TP33,328
3458,,6.1,,III,279,5 kg,E1,P002 IBC08 LP02,B3,T1,TP33,328
3459,,6.1,,III,,5 kg,E1,P002 IBC08 LP02,B3,T1,TP33,329
3460,N-,6.1,,III,,5 kg,E1,P002 IBC08 LP02,B3,T1,TP33,329
3462,,6.1,,I,210 274,0,E5,P002 IBC07,B1,T6,TP33,329
3462,,6.1,,II,210 274,500 g,E4,P002 IBC08,"B2, B4",T3,TP33,329
3462,,6.1,,III,210 223 274,5 kg,E1,P002 IBC08,B3,T1,TP33,329
3463,90%,8,3,II,,1 L,E2,P001 IBC02,,T7,TP2,329
3464,,6.1,,I,43 274,0,E5,P002 IBC07,B1,T6,TP33,329
3464,,6.1,,II,43 274,500 g,E4,P002 IBC08,"B2, B4",T3,TP33,329
3464,,6.1,,III,43 223 274,5 kg,E1,P002 IBC08 LP02,B3,T1,TP33,329
3465,,6.1,,I,274,0,E5,P002 IBC07,B1,T6,TP33,329
3465,,6.1,,II,274,500 g,E4,P002 IBC08,"B2, B4",T3,TP33,329
3465,,6.1,,III,223 274,5 kg,E1,P002 IBC08 LP02,B3,T1,TP33,329
3466,,6.1,,I,274,0,E5,P002 IBC07,B1,T6,TP33,329
3466,,6.1,,II,274,500 g,E4,P002 IBC08,"B2, B4",T3,TP33,329
3466,,6.1,,III,223 274,5 kg,E1,P002 IBC08 LP02,B3,T1,TP33,329
3467,,6.1,,I,274,0,E5,P002 IBC07,B1,T6,TP33,329
3467,,6.1,,II,274,500 g,E4,P002 IBC08,"B2, B4",T3,TP33,329
3467,,6.1,,III,223 274,5 kg,E1,P002 IBC08 LP02,B3,T1,TP33,329
3468,,2.1,,,321 356,0,E0,P205,,,,329
3469,(,3,8,I,163 367,0,E0,P001,,T11,TP2 TP27,329
3469,( ) ( ),3,8,II,163 367,1 L,E2,P001 IBC02,,T7,TP2 TP8 TP28,330
3469,( ) ( ),3,8,III,163 223 367,5 L,E1,P001 IBC03,,T4,TP1 TP29,330
3470,( ) ( ),8,3,II,163 367,1 L,E2,P001 IBC02,,T7,TP2 TP8 TP28,330
3471,,8,6.1,II,,1 L,E2,P001 IBC02,,T7,TP2,330
3471,,8,6.1,III,223,5 L,E1,P001 IBC03,,T4,TP1,330
3472,,8,,III,,5 L,E1,P001 IBC03 LP01,,T4,TP1,330
3473,,3,,,328,1 L,E0,P004,,,,330
3474,1-,4.1,,I,,0,E0,P406,PP48,,,330
3475,10%,3,,II,333,1 L,E2,P001 IBC02,,T4,TP1,330
3476,,4.3,,,328 334,500 ml or 500 g,E0,P004,,,,330
3477,,8,,,328 334,1 L or 1 kg,E0,P004,,,,330
3478,,2.1,,,328 338,120 ml,E0,P004,,,,330
3479,,2.1,,,328 339,120 ml,E0,P004,,,,330
3480,( ),9,,,188 230 310 348 376 377 384 387,0,E0,P903 P908 P909 P910 P911 LP903 LP904 LP905 LP906,,,,331
3481,( ),9,,,188 230 310 348 360 376 377 384 387 390,0,E0,P903 P908 P909 P910 P911 LP903 LP904 LP905 LP906,,,,331
3482,,4.3,3,I,182 183,0,E0,P402,,T13,TP2 TP7 TP42,331
3483,,6.1,3,I,,0,E0,P602,,T14,TP2 TP13,331
3484,37%,8,3 6.1,I,,0,E0,P001,,T10,TP2 TP13,331
3485,39% (8.8%),5.1,8,II,314,1 kg,E2,P002 IBC08,"PP85 B2, B4, B13",,,331
3486,10% - 39%,5.1,8,III,314,5 kg,E1,P002 IBC08 LP02,"PP85 B3, B13 L3",,,331
3487,5.5% 16%,5.1,8,II,314 322,1 kg,E2,P002 IBC08,"PP85 B2, B4, B13",,,331
3487,5.5% 16%,5.1,8,III,223 314,5 kg,E1,P002 IBC08,"PP85 B4, B13",,,331
3488,LC50 200/ 500 LC50,6.1,3 8,I,274,0,E0,P601,,T22,TP2 TP13,331
3489,LC50 1000/ 10 LC50,6.1,3 8,I,274,0,E0,P602,,T20,TP2 TP13,331
3490,LC50 200 / 500 LC50,6.1,4.3 3,I,274,0,E0,P601,,T22,TP2 TP13,332
3491,LC50 1000/ 10 LC50,6.1,4.3 3,I,274,0,E0,P602,,T20,TP2 TP13,332
3494,,3,6.1,I,343,0,E0,P001,,T14,TP2 TP13,332
3494,,3,6.1,II,343,1 L,E2,P001 IBC02,,T7,TP2,332
3494,,3,6.1,III,343,5 L,E1,P001 IBC03,,T4,TP1,332
3495,,8,6.1,III,279,5 kg,E1,P002 IBC08,B3,T1,TP33,332
3496,/( ),9,,,123,0,E0,N/A,,,,332
3497,,4.2,,II,300,0,E2,P410 IBC06,B2,T3,TP33,332
3497,,4.2,,III,223,0,E1,P002 IBC08 LP02,B3,T1,TP33,332
3498,,8,,II,,1 L,E0,P001 IBC02,,T7,TP2,332
3499,( 0.3),9,,,361,0,E0,P003,,,,332
3500,,2.2,,,274 362,0,E0,P206,PP97,T50,TP4 TP40,332
3501,,2.1,,,274 362,0,E0,P206,PP89,T50,TP4 TP40,332
3502,,2.2,6.1,,274 362,0,E0,P206,PP89,T50,TP4 TP40,332
3503,,2.2,8,,274 362,0,E0,P206,PP89,T50,TP4 TP40,332
3504,,2.1,6.1,,274 362,0,E0,P206,PP89,T50,TP4 TP40,332
3505,,2.1,8,,274 362,0,E0,P206,PP89,T50,TP4 TP40,332
3506,,8,6.1,,366,5kg,E0,P003,PP90,,,332
3507,0.1,6.1,7 8,I,317 369,0,E0,P603,,,,332
3508,( 0.3),9,,,372,0,E0,P003,,,,332
3509,,9,,,374,0,E0,,,,,332
3510,,2.1,,,274,0,E0,P208,,,,332
3511,,2.2,,,274,0,E0,P208,,,,332
3512,,2.3,,,274,0,E0,P208,,,,333
3513,,2.2,5.1,,274,0,E0,P208,,,,333
3514,,2.3,2.1,,274,0,E0,P208,,,,333
3515,,2.3,5.1,,274,0,E0,P208,,,,333
3516,,2.3,8,,274 379,0,E0,P208,,,,333
3517,,2.3,2.1 8,,274,0,E0,P208,,,,333
3518,,2.3,5.1 8,,274,0,E0,P208,,,,333
3519,,2.3,8,,,0,E0,P208,,,,333
3520,,2.3,5.1 8,,,0,E0,P208,,,,333
3521,,2.3,8,,,0,E0,P208,,,,333
3522,,2.3,2.1,,,0,E0,P208,,,,333
3523,,2.3,2.1,,,0,E0,P208,,,,333
3524,,2.3,8,,,0,E0,P208,,,,333
3525,,2.3,2.1,,,0,E0,P208,,,,333
3526,,2.3,2.1,,,0,E0,P208,,,,333
3527,,4.1,,II,236 340,5kg,3.3 340,P412,,,,333
3527,,4.1,,III,236 340,5kg,3.3 340,P412,,,,333
3528,,3,,,363,0,E0,P005,,,,333
3529,,2.1,,,363,0,E0,P005,,,,333
3530,,9,,,363,0,E0,P005,,,,333
3531,,4.1,,III,274 386,0,E0,P002 IBC07,PP92 B18,T7,TP4 TP6 TP33,333
3532,,4.1,,III,274 386,0,E0,P001 IBC03,PP93 B19,T7,TP4 TP6,333
3533,,4.1,,III,274 386,0,E0,P002 IBC07,PP92 B18,T7,TP4 TP6 TP33,334
3534,,4.1,,III,274 386,0,E0,P001 IBC03,PP93 B19,T7,TP4 TP6,334
3535,,6.1,4.1,I,274,0,E5,P002 IBC99,,T6,TP33,334
3535,,6.1,4.1,II,274,500 g,E4,P002 IBC08,B2B4,T3,TP33,334
3536,,9,,,389,0,E0,,,,,334
3537,,2.1,2.0.5.6,,274 310 391,0,E0,P006 LP03,,,,334
3538,,2.2,2.0.5.6,,274 310 391 396,0,E0,P006 LP03,,,,334
3539,,2.3,2.0.5.6,,274 391,0,E0,,,,,334
3540,,3,2.0.5.6,,274 310 391,0,E0,P006 LP03,,,,334
3541,,4.1,2.0.5.6,,274 310 391,0,E0,P006 LP03,,,,334
3542,,4.2,2.0.5.6,,274 391,0,E0,,,,,334
3543,,4.3,2.0.5.6,,274 391,0,E0,,,,,334
3544,,5.1,2.0.5.6,,274 391,0,E0,,,,,334
3545,,5.2,2.0.5.6,,274 391,0,E0,,,,,334
3546,,6.1,2.0.5.6,,274 310 391,0,E0,P006 LP03,,,,334
3547,,8,2.0.5.6,,274 310 391,0,E0,P006 LP03,,,,334
3548,,9,2.0.5.6,,274 310 391,0,E0,P006 LP03,,,,334
3549,"A , A",6.2,,,395,0,E0,P622 LP622,,,,334
3550,,,,6.1,,I,,0,E5,P002 IBC07,"B1, B20",335
3551,,,,9,,,188 230 310 348 376 377 384 400 401,0,E0,P903 P908 P909 P910 P911 LP903 LP904 LP905 LP906,,335
3552,,,,9,,,188 230 310 348 360 376 377 384 400 401,0,E0,P903 P908 P909 P910 P911 LP903 LP904 LP905 LP906,,335
3553,,,,2.1,,,,0,E0,P200,,335
3554,,,,8,,,366,5 kg,E0,P003,PP90,335
3555,68%,,,3,,II,28 132,0,E0,P303,PP26,335
3556,,,,9,,,384 388 405,0,E0,P912,,335
3557,,,,9,,,384 388 405,0,E0,P912,,335
3558,,,,9,,,384 388 404 405,0,E0,P912,,335
3559,†,,,9,,,407,0,E0,P902,,335
3560,25%,,,6.1,8,I,279 408 409,0,E5,P001,,335
115,,,,,,,,,,,,368
110,() (),,,,,,,,,,,368
115,( ),,,,,,,,,,,368
134,(HFCV),,,,,,,,,,,369
